,date,code,open,high,low,close,preclose,volume,amount,adjustflag,turn,tradestatus,pctChg,peTTM,psTTM,pcfNcfTTM,pbMRQ,isST
0,2024-06-06,sz.300033,113.63,113.65,111.53,111.95,112.92,4234344.0,475735802.31,3,1.5483,1,-0.859,43.482663,16.843,66700.6951,9.638756,0.0
1,2024-06-07,sz.300033,112.6,113.41,110.43,111.93,111.95,4015757.0,449627255.76,3,1.4683,1,-0.0179,43.474894,16.839991,66688.778942,9.637034,0.0
2,2024-06-11,sz.300033,111.0,112.9,110.56,112.43,111.93,3300384.0,370018261.4,3,1.2068,1,0.4467,43.6691,16.915216,66986.682895,9.680083,0.0
3,2024-06-12,sz.300033,112.14,113.57,111.92,113.13,112.43,3392709.0,383582407.73,3,1.2405,1,0.6226,43.940988,17.020532,67403.74843,9.740353,0.0
4,2024-06-13,sz.300033,113.45,113.88,112.27,112.9,113.13,3330046.0,376724776.43,3,1.2176,1,-0.2033,43.851654,16.985928,67266.712611,9.72055,0.0
5,2024-06-14,sz.300033,112.66,116.81,112.66,115.8,112.9,7561067.0,868304462.94,3,2.7647,1,2.5686,44.978047,17.422237,68994.555539,9.970236,0.0
6,2024-06-17,sz.300033,114.07,115.31,113.15,114.64,115.8,4497538.0,514532521.46,3,1.6445,1,-1.0017,44.527489,17.247713,68303.418368,9.870362,0.0
7,2024-06-18,sz.300033,114.66,116.0,114.14,115.09,114.64,4979587.0,573424388.2,3,1.8208,1,0.3925,44.702275,17.315416,68571.531926,9.909106,0.0
8,2024-06-19,sz.300033,115.53,115.55,112.81,112.85,115.09,4322202.0,491057605.39,3,1.5804,1,-1.9463,43.832233,16.978406,67236.922216,9.716245,0.0
9,2024-06-20,sz.300033,112.79,112.79,110.6,110.69,112.85,4720801.0,525069080.37,3,1.7261,1,-1.914,42.993264,16.653431,65949.977139,9.530272,0.0
10,2024-06-21,sz.300033,110.58,111.52,110.46,110.73,110.69,2909051.0,322838877.19,3,1.0637,1,0.0361,43.008801,16.659449,65973.809455,9.533716,0.0
11,2024-06-24,sz.300033,110.0,110.75,108.68,108.9,110.73,3883200.0,425841252.71,3,1.4199,1,-1.6527,42.298008,16.384124,64883.480986,9.376155,0.0
12,2024-06-25,sz.300033,108.94,109.88,106.0,106.66,108.9,4297602.0,461975483.43,3,1.5714,1,-2.0569,41.427966,16.047114,63548.871277,9.183294,0.0
13,2024-06-26,sz.300033,107.0,111.44,106.22,110.9,106.66,5593682.0,611857918.65,3,2.0453,1,3.9752,43.074831,16.685026,66075.096799,9.548352,0.0
14,2024-06-27,sz.300033,110.0,110.79,107.55,107.69,110.9,3382440.0,369164365.0,3,1.2368,1,-2.8945,41.82803,16.202078,64162.55342,9.271975,0.0
15,2024-06-28,sz.300033,108.09,109.6,100.01,103.7,107.69,7780578.0,820096864.99,3,2.8449,1,-3.7051,40.278268,15.601778,61785.279874,8.928441,0.0
16,2024-07-01,sz.300033,102.5,104.62,100.01,102.02,103.7,5916783.0,601773745.37,3,2.1634,1,-1.6201,39.625737,15.34902,60784.322592,8.783795,0.0
17,2024-07-02,sz.300033,102.03,102.99,100.03,100.4,102.02,4649549.0,471398777.65,3,1.7001,1,-1.5879,38.99651,15.10529,59819.113784,8.644315,0.0
18,2024-07-03,sz.300033,101.09,101.13,97.85,98.47,100.4,6210812.0,613449834.68,3,2.271,1,-1.9223,38.246876,14.814919,58669.204525,8.478145,0.0
19,2024-07-04,sz.300033,98.7,99.2,93.1,93.28,98.47,10881294.0,1031139203.47,3,3.9787,1,-5.2706,36.231021,14.034078,55576.961491,8.031292,0.0
20,2024-07-05,sz.300033,93.0,97.0,93.0,95.6,93.28,7712986.0,735935424.45,3,2.8202,1,2.4871,37.132135,14.383124,56959.235834,8.231041,0.0
21,2024-07-08,sz.300033,94.8,96.93,94.11,95.31,95.6,4963877.0,475967693.19,3,1.815,1,-0.3033,37.019496,14.339494,56786.451541,8.206073,0.0
22,2024-07-09,sz.300033,95.98,97.87,95.25,97.17,95.31,6725885.0,651175041.47,3,2.4593,1,1.9515,37.741941,14.619333,57894.654247,8.366216,0.0
23,2024-07-10,sz.300033,96.57,97.85,95.95,96.23,97.17,4466417.0,432432952.52,3,1.6331,1,-0.9674,37.376835,14.477909,57334.594815,8.285284,0.0
24,2024-07-11,sz.300033,98.3,101.35,97.8,99.13,96.23,8061857.0,801867202.67,3,2.9478,1,3.0136,38.503228,14.914217,59062.437743,8.53497,0.0
25,2024-07-12,sz.300033,98.78,99.05,97.32,98.03,99.13,3818168.0,374209639.24,3,1.3961,1,-1.1097,38.075975,14.748721,58407.049046,8.440261,0.0
26,2024-07-12,sz.300033,98.78,99.05,97.32,98.03,99.13,3818168.0,374209639.24,3,1.3961,1,-1.1097,38.075975,14.748721,58407.049046,8.440261,0.0
27,2024-07-15,sz.300033,97.9,98.23,97.2,97.67,98.03,2454247.0,239587693.81,3,0.8974,1,-0.3672,37.936147,14.694558,58192.5582,8.409266,0.0
28,2024-07-16,sz.300033,97.52,98.45,97.14,98.09,97.67,3508632.0,343064201.43,3,1.2829,1,0.43,38.09928,14.757748,58442.79752,8.445427,0.0
29,2024-07-17,sz.300033,97.88,99.28,97.66,97.88,98.09,3998462.0,393416374.2,3,1.462,1,-0.2141,38.017713,14.726153,58317.67786,8.427346,0.0
30,2024-07-18,sz.300033,97.53,98.21,95.95,97.86,97.88,4840160.0,469782056.54,3,1.7698,1,-0.0204,38.009945,14.723144,58305.761702,8.425624,0.0
31,2024-07-19,sz.300033,97.9,99.99,97.37,99.36,97.86,5443032.0,539252187.27,3,1.9902,1,1.5328,38.592562,14.948821,59199.473561,8.554773,0.0
32,2024-07-22,sz.300033,101.5,101.7,98.57,99.66,99.36,5893631.0,587797754.34,3,2.155,1,0.3019,38.709086,14.993956,59378.215933,8.580602,0.0
33,2024-07-23,sz.300033,98.48,99.18,96.0,96.12,99.66,4451747.0,435019586.01,3,1.6278,1,-3.5521,37.334109,14.461359,57269.055945,8.275813,0.0
34,2024-07-23,sz.300033,98.48,99.18,96.0,96.12,99.66,4451747.0,435019586.01,3,1.6278,1,-3.5521,37.334109,14.461359,57269.055945,8.275813,0.0
35,2024-07-24,sz.300033,95.82,96.75,94.32,94.65,96.12,4397754.0,419602089.9,3,1.608,1,-1.5293,36.763144,14.240196,56393.218323,8.149247,0.0
36,2024-07-25,sz.300033,94.69,100.44,94.21,98.47,94.65,8385638.0,821930940.58,3,3.0662,1,4.0359,38.246876,14.814919,58669.204525,8.478145,0.0
37,2024-07-26,sz.300033,98.0,101.85,98.0,99.03,98.47,6486286.0,647706696.51,3,2.3717,1,0.5687,38.464387,14.899172,59002.856952,8.52636,0.0
38,2024-07-29,sz.300033,98.69,99.03,96.9,97.26,99.03,4187283.0,408850296.93,3,1.5311,1,-1.7873,37.776898,14.632873,57948.276958,8.373965,0.0
39,2024-07-30,sz.300033,97.0,98.0,96.22,96.81,97.26,3543756.0,343562231.11,3,1.2958,1,-0.4627,37.602113,14.56517,57680.1634,8.335221,0.0
40,2024-07-31,sz.300033,97.0,110.0,97.0,106.91,96.81,18539509.0,1940790146.36,3,6.7789,1,10.4328,41.525069,16.084726,63697.823253,9.204818,0.0
41,2024-08-01,sz.300033,105.0,105.97,104.5,105.02,106.91,9384886.0,987533432.06,3,3.4315,1,-1.7678,40.790971,15.800374,62571.74631,9.042092,0.0
42,2024-08-02,sz.300033,104.02,105.82,102.45,102.72,105.02,6047383.0,628754601.75,3,2.2112,1,-2.1901,39.897625,15.454336,61201.388126,8.844064,0.0
43,2024-08-05,sz.300033,102.89,106.5,101.56,101.82,102.72,8388715.0,871780783.25,3,3.0673,1,-0.8762,39.548055,15.31893,60665.16101,8.766576,0.0
44,2024-08-06,sz.300033,103.58,104.09,100.62,102.06,101.82,5823921.0,594161103.88,3,2.1295,1,0.2357,39.641273,15.355039,60808.154908,8.787239,0.0
45,2024-08-07,sz.300033,101.54,103.42,101.17,102.07,102.06,5348091.0,546184513.85,3,1.9555,1,0.0098,39.645157,15.356543,60814.112987,8.7881,0.0
46,2024-08-08,sz.300033,101.2,104.22,101.0,102.12,102.07,5435740.0,556682426.23,3,1.9875,1,0.049,39.664578,15.364066,60843.903382,8.792405,0.0
47,2024-08-09,sz.300033,103.0,104.59,101.23,101.24,102.12,4857461.0,498548841.44,3,1.7761,1,-0.8617,39.322776,15.231669,60319.592425,8.716638,0.0
48,2024-08-12,sz.300033,100.98,101.55,99.5,100.47,101.24,3373700.0,339091824.08,3,1.2336,1,-0.7606,39.023699,15.115821,59860.820337,8.650342,0.0
49,2024-08-13,sz.300033,100.92,102.7,99.88,102.62,100.47,4092956.0,413726536.96,3,1.4966,1,2.1399,39.858784,15.439291,61141.807335,8.835455,0.0
50,2024-08-14,sz.300033,101.8,102.37,101.01,101.43,102.62,3321411.0,337687409.9,3,1.2145,1,-1.1596,39.396574,15.260254,60432.795927,8.732997,0.0
51,2024-08-15,sz.300033,100.7,105.0,100.67,102.24,101.43,7063195.0,728184468.66,3,2.5826,1,0.7986,39.711187,15.38212,60915.400331,8.802737,0.0
52,2024-08-16,sz.300033,101.8,102.56,101.57,101.65,102.24,3147759.0,320687227.87,3,1.151,1,-0.5771,39.482025,15.293354,60563.873666,8.751939,0.0
53,2024-08-19,sz.300033,101.66,103.98,101.08,101.96,101.65,3811200.0,390716661.83,3,1.3935,1,0.305,39.602432,15.339993,60748.574117,8.778629,0.0
54,2024-08-20,sz.300033,101.9,102.5,100.0,100.01,101.96,3976569.0,401209102.09,3,1.454,1,-1.9125,38.84503,15.046614,59586.7487,8.610737,0.0
55,2024-08-21,sz.300033,99.6,100.69,99.18,100.01,100.01,3256420.0,325385249.05,3,1.1907,1,0.0,38.84503,15.046614,59586.7487,8.610737,0.0
56,2024-08-22,sz.300033,100.04,100.59,95.5,95.61,100.01,6172316.0,602097688.2,3,2.2569,1,-4.3996,37.136019,14.384629,56965.193913,8.231902,0.0
57,2024-08-23,sz.300033,95.6,97.67,95.31,95.9,95.61,4606788.0,444309564.52,3,1.6844,1,0.3033,37.248659,14.42826,57137.978206,8.256871,0.0
58,2024-08-26,sz.300033,96.19,98.77,95.26,96.9,95.9,4039450.0,391390903.0,3,1.477,1,1.0428,39.886147,14.955605,-192.024959,8.005658,0.0
59,2024-08-27,sz.300033,96.38,96.8,94.83,94.98,96.9,3431334.0,327234509.82,3,1.2546,1,-1.9814,39.095833,14.659271,-188.22013,7.847032,0.0
60,2024-08-28,sz.300033,94.9,95.56,93.8,95.5,94.98,2818754.0,267049425.77,3,1.0307,1,0.5475,39.309876,14.739528,-189.250605,7.889993,0.0
61,2024-08-29,sz.300033,95.0,97.66,95.0,96.72,95.5,4003728.0,386639249.36,3,1.4639,1,1.2775,39.812055,14.927824,-191.668256,7.990786,0.0
62,2024-08-30,sz.300033,96.12,104.5,96.12,102.91,96.72,13800203.0,1406398406.32,3,5.046,1,6.3999,42.359993,15.883192,-203.934866,8.50219,0.0
63,2024-09-02,sz.300033,101.8,103.32,98.5,98.94,102.91,6707847.0,672830638.45,3,2.4527,1,-3.8577,40.725855,15.27046,-196.06759,8.174198,0.0
64,2024-09-03,sz.300033,98.95,100.68,98.63,100.16,98.94,4095120.0,408602997.26,3,1.4974,1,1.2331,41.228033,15.458756,-198.485242,8.274991,0.0
65,2024-09-04,sz.300033,99.0,101.42,98.99,100.06,100.16,3539085.0,354998738.34,3,1.294,1,-0.0998,41.186871,15.443322,-198.287073,8.26673,0.0
66,2024-09-05,sz.300033,100.49,102.69,100.09,100.94,100.06,3974700.0,402159628.22,3,1.4533,1,0.8795,41.549098,15.579141,-200.030953,8.339433,0.0
67,2024-09-06,sz.300033,102.5,103.5,99.46,99.6,100.94,6575462.0,667032213.76,3,2.4043,1,-1.3275,40.997525,15.372325,-197.3755,8.228725,0.0
68,2024-09-09,sz.300033,98.14,100.5,98.0,100.02,99.6,4047471.0,402137268.52,3,1.4799,1,0.4217,41.170406,15.437148,-198.207806,8.263425,0.0
69,2024-09-10,sz.300033,100.0,101.29,98.2,100.34,100.02,3890561.0,387122552.53,3,1.4226,1,0.3199,41.302125,15.486537,-198.841944,8.289863,0.0
70,2024-09-11,sz.300033,99.98,101.26,99.5,101.0,100.34,3524613.0,354416184.2,3,1.2888,1,0.6578,41.573796,15.588402,-200.149854,8.34439,0.0
71,2024-09-12,sz.300033,101.0,101.59,99.42,99.68,101.0,3485060.0,349430174.2,3,1.2743,1,-1.3069,41.030455,15.384672,-197.534034,8.235335,0.0
72,2024-09-13,sz.300033,99.86,101.08,98.5,98.52,99.68,3682875.0,367380405.02,3,1.3466,1,-1.1637,40.552974,15.205637,-195.235283,8.139498,0.0
73,2024-09-18,sz.300033,98.66,100.3,97.6,99.59,98.52,3198120.0,316167535.0,3,1.1694,1,1.0861,40.993409,15.370782,-197.355683,8.227899,0.0
74,2024-09-19,sz.300033,100.57,105.29,99.72,103.48,99.59,9359091.0,963311094.06,3,3.4221,1,3.906,42.594618,15.971167,-205.064425,8.549282,0.0
75,2024-09-20,sz.300033,102.6,103.83,101.55,103.05,103.48,4913459.0,505180796.28,3,1.7966,1,-0.4155,42.41762,15.9048,-204.212302,8.513757,0.0
76,2024-09-23,sz.300033,102.96,103.81,102.2,102.58,103.05,4323601.0,445549096.62,3,1.5809,1,-0.4561,42.224158,15.83226,-203.280911,8.474926,0.0
77,2024-09-24,sz.300033,107.0,116.66,103.4,114.93,102.58,22029345.0,2432095823.58,3,8.0549,1,12.0394,47.307687,17.738367,-227.754681,9.495255,0.0
78,2024-09-25,sz.300033,118.51,124.5,117.66,119.48,114.93,25848522.0,3128020792.79,3,9.4514,1,3.9589,49.180565,18.440616,-236.771332,9.871166,0.0
79,2024-09-26,sz.300033,117.2,135.09,117.16,134.24,119.48,25849736.0,3235466682.95,3,9.4518,1,12.3535,55.256102,20.718684,-266.020955,11.090603,0.0
80,2024-09-27,sz.300033,140.66,161.09,138.03,161.09,134.24,35975361.0,5391175801.78,3,13.1542,1,20.0015,66.308146,24.862729,-319.229109,13.308889,0.0
81,2024-09-30,sz.300033,187.99,193.31,179.01,193.31,161.09,22199275.0,4226988262.9,3,8.117,1,20.0012,79.570599,29.835584,-383.078894,15.970832,0.0
82,2024-10-08,sz.300033,231.97,231.97,214.97,231.97,193.31,24701891.0,5671026684.21,3,9.0321,1,19.999,95.483895,35.802392,-459.69071,19.164834,0.0
83,2024-10-09,sz.300033,220.0,277.38,202.0,230.99,231.97,60124253.0,14304009540.67,3,21.9841,1,-0.4225,95.080506,35.651138,-457.748662,19.083868,0.0
84,2024-10-10,sz.300033,227.83,227.83,185.0,190.7,230.99,40727468.0,8135077014.35,3,14.8918,1,-17.4423,78.496266,29.432755,-377.906705,15.7552,0.0
85,2024-10-11,sz.300033,185.0,193.8,176.11,182.22,190.7,28338342.0,5282747004.15,3,10.3618,1,-4.4468,75.005713,28.123946,-361.102044,15.054602,0.0
86,2024-10-14,sz.300033,184.0,190.3,171.98,190.25,182.22,28760284.0,5229918798.08,3,10.516,1,4.4068,78.311036,29.363301,-377.014948,15.718022,0.0
87,2024-10-15,sz.300033,185.0,190.81,181.8,181.91,190.25,21529847.0,3993532000.23,3,7.8723,1,-4.3837,74.878111,28.076101,-360.487722,15.02899,0.0
88,2024-10-16,sz.300033,173.41,189.49,173.2,183.72,181.91,21982969.0,4005051943.48,3,8.038,1,0.995,75.623146,28.355457,-364.074566,15.178528,0.0
89,2024-10-17,sz.300033,184.0,188.3,178.92,180.67,183.72,19576973.0,3608814026.3,3,7.1582,1,-1.6601,74.3677,27.884718,-358.030437,14.926544,0.0
90,2024-10-18,sz.300033,180.66,216.8,178.16,210.83,180.67,42390081.0,8441185769.47,3,15.4997,1,16.6934,86.782211,32.539631,-417.797958,17.418295,0.0
91,2024-10-21,sz.300033,201.0,207.61,198.12,200.72,210.83,32729010.0,6622590403.12,3,11.9672,1,-4.7953,82.620716,30.979248,-397.763156,16.58303,0.0
92,2024-10-22,sz.300033,200.67,206.05,197.41,201.7,200.72,21830615.0,4412395956.81,3,7.9822,1,0.4882,83.024105,31.130501,-399.705204,16.663995,0.0
93,2024-10-23,sz.300033,202.68,212.0,197.2,200.0,201.7,25142909.0,5124359996.08,3,9.1934,1,-0.8428,82.324348,30.868122,-396.336345,16.523545,0.0
94,2024-10-24,sz.300033,196.38,203.01,195.68,197.1,200.0,13351097.0,2642836738.37,3,4.8818,1,-1.45,82.600667,30.046364,-449.262776,15.624176,0.0
95,2024-10-25,sz.300033,199.2,206.89,195.3,200.85,197.1,18548457.0,3719658142.39,3,6.7821,1,1.9026,84.172217,30.618022,-457.810394,15.921439,0.0
96,2024-10-28,sz.300033,198.0,203.6,197.98,200.88,200.85,12164079.0,2437392156.78,3,4.4477,1,0.0149,84.18479,30.622596,-457.878775,15.923817,0.0
97,2024-10-29,sz.300033,203.4,207.97,198.57,198.9,200.88,16122651.0,3266778589.21,3,5.8952,1,-0.9857,83.355011,30.32076,-453.365633,15.766862,0.0
98,2024-10-30,sz.300033,196.91,200.98,191.0,194.71,198.9,16405438.0,3202865740.46,3,5.9986,1,-2.1066,81.599066,29.682027,-443.815095,15.43472,0.0
99,2024-10-31,sz.300033,194.48,222.0,193.88,205.03,194.71,34273803.0,7124391484.88,3,12.532,1,5.3002,85.923972,31.255231,-467.338138,16.252789,0.0
100,2024-11-01,sz.300033,202.12,210.38,201.51,202.0,205.03,22573444.0,4623249702.15,3,8.2539,1,-1.4778,84.654159,30.793331,-460.431663,16.0126,0.0
101,2024-11-04,sz.300033,203.0,225.0,202.0,225.0,202.0,28137671.0,6059616955.9,3,10.2884,1,11.3861,94.292999,34.299502,-512.857051,17.835817,0.0
102,2024-11-05,sz.300033,222.75,270.0,217.01,268.5,225.0,41856890.0,10351784912.45,3,15.3047,1,19.3333,112.522979,40.930739,-612.009414,21.284075,0.0
103,2024-11-06,sz.300033,266.0,310.99,261.01,273.01,268.5,48168204.0,13832778223.43,3,17.6124,1,1.6797,114.41303,41.618254,-622.289349,21.641584,0.0
104,2024-11-07,sz.300033,271.0,327.61,267.09,327.61,273.01,45139972.0,13206481204.1,3,16.5052,1,19.9993,137.294798,49.9416,-746.74266,25.969742,0.0
105,2024-11-07,sz.300033,271.0,327.61,267.09,327.61,273.01,45139972.0,13206481204.1,3,16.5052,1,19.9993,137.294798,49.9416,-746.74266,25.969742,0.0
106,2024-11-08,sz.300033,330.0,340.5,302.0,303.8,327.61,41006496.0,13023863513.88,3,14.9938,1,-7.2678,127.316503,46.31195,-692.470987,24.082316,0.0
107,2024-11-11,sz.300033,290.0,309.44,290.0,301.8,303.8,25800217.0,7763519274.65,3,9.4337,1,-0.6583,126.478343,46.007066,-687.912257,23.923776,0.0
108,2024-11-11,sz.300033,290.0,309.44,290.0,301.8,303.8,25800217.0,7763519274.65,3,9.4337,1,-0.6583,126.478343,46.007066,-687.912257,23.923776,0.0
109,2024-11-12,sz.300033,300.0,322.0,298.0,318.78,301.8,30690914.0,9583532676.49,3,11.222,1,5.6262,133.594321,48.595535,-726.61587,25.269786,0.0
110,2024-11-13,sz.300033,312.99,328.88,297.0,318.0,318.78,27394774.0,8511450598.59,3,10.0168,1,-0.2447,133.267439,48.47663,-724.837965,25.207955,0.0
111,2024-11-14,sz.300033,314.5,333.8,314.0,317.96,318.0,26206706.0,8510523262.14,3,9.5823,1,-0.0126,133.250676,48.470532,-724.74679,25.204784,0.0
112,2024-11-15,sz.300033,311.97,321.9,270.99,272.5,317.96,42075223.0,12326771535.06,3,15.3846,1,-14.2974,114.199299,41.540508,-621.126873,21.601156,0.0
113,2024-11-18,sz.300033,271.0,277.0,255.34,266.28,272.5,29246865.0,7782028760.94,3,10.694,1,-2.2826,111.592621,40.592317,-606.949224,21.108095,0.0
114,2024-11-19,sz.300033,266.88,290.0,263.12,289.0,266.28,27034372.0,7468558235.88,3,9.885,1,8.5324,121.114119,44.055805,-658.73639,22.909116,0.0
115,2024-11-20,sz.300033,283.99,289.99,279.04,284.44,289.0,19835419.0,5627344263.5,3,7.2527,1,-1.5779,119.203114,43.360668,-648.342487,22.547643,0.0
116,2024-11-21,sz.300033,280.1,300.25,279.98,293.2,284.44,22807451.0,6649824881.98,3,8.3394,1,3.0797,122.874255,44.696062,-668.309721,23.242051,0.0
117,2024-11-22,sz.300033,290.8,298.13,278.66,279.59,293.2,21582413.0,6230132521.34,3,7.8915,1,-4.6419,117.170576,42.621324,-637.287568,22.163183,0.0
118,2024-11-25,sz.300033,280.15,283.4,270.0,280.7,279.59,18433992.0,5081008970.98,3,6.7403,1,0.397,117.635755,42.790534,-639.817663,22.251173,0.0
119,2024-11-26,sz.300033,276.94,294.89,275.81,284.21,280.7,17472454.0,5002524941.97,3,6.3887,1,1.2504,119.106726,43.325607,-647.818233,22.529411,0.0
120,2024-11-27,sz.300033,281.45,317.97,281.45,316.98,284.21,28560113.0,8570737712.96,3,10.4429,1,11.5302,132.839977,48.321139,-722.513013,25.127099,0.0
121,2024-11-28,sz.300033,317.0,319.98,304.66,306.01,316.98,23730045.0,7407158340.45,3,8.6768,1,-3.4608,128.24267,46.648847,-697.508383,24.257504,0.0
122,2024-11-29,sz.300033,305.0,362.9,305.0,335.67,306.01,36685941.0,12126223268.9,3,13.414,1,9.6925,140.672582,51.170284,-765.114339,26.608661,0.0
123,2024-12-02,sz.300033,319.93,329.6,313.4,326.94,335.67,33895529.0,10920226822.46,3,12.3937,1,-2.6008,137.014014,49.839463,-745.215485,25.916631,0.0
124,2024-12-03,sz.300033,326.85,346.62,317.36,331.14,326.94,27837079.0,9159240187.38,3,10.1785,1,1.2846,138.77415,50.479721,-754.788817,26.249566,0.0
125,2024-12-04,sz.300033,328.6,347.0,328.58,331.31,331.14,24257340.0,8149018314.29,3,8.8696,1,0.0513,138.845394,50.505636,-755.176309,26.263042,0.0
126,2024-12-05,sz.300033,332.0,348.68,331.01,344.48,331.31,23866999.0,8131667646.09,3,8.7268,1,3.9751,144.364677,52.5133,-785.195542,27.307032,0.0
127,2024-12-06,sz.300033,342.0,360.5,334.23,342.01,344.48,28229576.0,9729552787.75,3,10.322,1,-0.717,143.32955,52.136768,-779.565511,27.111235,0.0
128,2024-12-09,sz.300033,337.0,343.86,324.91,330.31,342.01,19796136.0,6560093266.45,3,7.2384,1,-3.421,138.426314,50.353194,-752.896944,26.183772,0.0
129,2024-12-10,sz.300033,360.0,364.99,326.67,327.0,330.31,34372122.0,11874117027.26,3,12.568,1,-1.0021,137.039159,49.84861,-745.352247,25.921387,0.0
130,2024-12-11,sz.300033,320.46,325.46,311.32,318.03,327.0,20878385.0,6621906564.08,3,7.6341,1,-2.7431,133.280011,48.481203,-724.906346,25.210333,0.0
131,2024-12-12,sz.300033,315.0,332.18,315.0,323.6,318.03,19236566.0,6213245483.93,3,7.0337,1,1.7514,135.614287,49.330306,-737.602407,25.651868,0.0
132,2024-12-13,sz.300033,316.01,319.93,303.88,306.9,323.6,20747923.0,6482164768.48,3,7.5864,1,-5.1607,128.615651,46.784521,-699.537017,24.328054,0.0
133,2024-12-16,sz.300033,306.97,308.45,296.02,298.15,306.9,16474594.0,4941246096.32,3,6.0238,1,-2.8511,124.948701,45.450651,-679.592576,23.634439,0.0
134,2024-12-17,sz.300033,298.33,306.0,296.51,299.46,298.15,16119762.0,4862704494.8,3,5.8941,1,0.4394,125.497696,45.650351,-682.578544,23.738283,0.0
135,2024-12-18,sz.300033,298.9,301.58,294.06,297.96,299.46,11125155.0,3311502190.03,3,4.0679,1,-0.5009,124.869076,45.421687,-679.159497,23.619378,0.0
136,2024-12-19,sz.300033,293.93,308.5,291.87,305.0,297.96,15726497.0,4731944021.86,3,5.7503,1,2.3627,127.819399,46.494881,-695.206224,24.177441,0.0
137,2024-12-20,sz.300033,304.52,311.17,301.68,305.83,305.0,13831585.0,4233752306.28,3,5.0574,1,0.2721,128.167235,46.621408,-697.098097,24.243235,0.0
138,2024-12-23,sz.300033,303.0,311.85,302.0,303.94,305.83,10952438.0,3353877049.62,3,4.0047,1,-0.618,127.375174,46.333292,-692.790098,24.093414,0.0
139,2024-12-23,sz.300033,303.0,311.85,302.0,303.94,305.83,10952438.0,3353877049.62,3,4.0047,1,-0.618,127.375174,46.333292,-692.790098,24.093414,0.0
140,2024-12-24,sz.300033,302.5,310.22,296.0,310.1,303.94,12985592.0,3964783956.24,3,4.7481,1,2.0267,129.956707,47.272336,-706.830984,24.581719,0.0
141,2024-12-25,sz.300033,309.66,314.79,305.91,311.96,310.1,11791598.0,3660510398.82,3,4.3115,1,0.5998,130.736196,47.555879,-711.070602,24.729162,0.0
142,2024-12-26,sz.300033,310.01,312.85,305.8,306.87,311.96,11020352.0,3410243815.69,3,4.0295,1,-1.6316,128.603079,46.779948,-699.468636,24.325676,0.0
143,2024-12-27,sz.300033,304.89,316.88,297.89,308.98,306.87,18824065.0,5789014549.91,3,6.8829,1,0.6876,129.487337,47.101601,-704.278096,24.492937,0.0
144,2024-12-30,sz.300033,305.99,309.99,303.33,308.1,308.98,10528317.0,3233426441.58,3,3.8496,1,-0.2848,129.118547,46.967452,-702.272255,24.423179,0.0
145,2024-12-31,sz.300033,308.12,309.9,285.0,287.5,308.1,18372215.0,5444655190.16,3,6.7177,1,-6.6861,120.485499,43.827142,-655.317343,22.790211,0.0
146,2025-01-02,sz.300033,280.39,284.66,263.65,267.55,287.5,22429385.0,6114373436.74,3,8.2012,1,-6.9391,112.124853,40.785919,-609.844017,21.208768,0.0
147,2025-01-03,sz.300033,267.16,268.99,256.37,256.98,267.55,15783525.0,4116275450.79,3,5.7712,1,-3.9507,107.695178,39.174605,-585.751133,20.370881,0.0
148,2025-01-06,sz.300033,255.01,260.78,251.0,252.85,256.98,10878507.0,2768722648.66,3,3.9777,1,-1.6071,105.964377,38.545018,-576.337357,20.043495,0.0
149,2025-01-07,sz.300033,254.3,261.68,252.47,261.0,252.85,14048646.0,3622089780.42,3,5.1368,1,3.2233,109.379879,39.787422,-594.914179,20.689548,0.0
150,2025-01-08,sz.300033,257.15,264.9,251.0,258.91,261.0,14114265.0,3629279939.29,3,5.1608,1,-0.8008,108.504002,39.468818,-590.150307,20.523873,0.0
151,2025-01-09,sz.300033,256.86,262.88,256.5,257.88,258.91,8247352.0,2138058978.0,3,3.0156,1,-0.3978,108.07235,39.311803,-587.802561,20.442224,0.0
152,2025-01-10,sz.300033,258.57,260.38,250.2,250.55,257.88,9171541.0,2341876137.83,3,3.3535,1,-2.8424,105.000493,38.194401,-571.094818,19.861173,0.0
153,2025-01-13,sz.300033,246.66,255.78,244.83,252.88,250.55,10042095.0,2524891278.89,3,3.6718,1,0.93,105.97695,38.549592,-576.405738,20.045873,0.0
154,2025-01-14,sz.300033,255.0,290.02,252.08,290.0,252.88,29648528.0,8074121005.94,3,10.7615,1,14.6789,121.533199,44.208247,-661.015754,22.988386,0.0
155,2025-01-15,sz.300033,283.61,283.99,275.99,278.08,290.0,17588709.0,4904238924.84,3,6.3842,1,-4.1103,116.537765,42.391136,-633.845727,22.043484,0.0
156,2025-01-16,sz.300033,282.0,292.65,277.33,283.54,278.08,19383470.0,5513476408.59,3,7.0356,1,1.9635,118.825942,43.22347,-646.291059,22.4763,0.0
157,2025-01-17,sz.300033,280.42,295.5,280.0,290.6,283.54,20426662.0,5913536583.63,3,7.4142,1,2.4899,121.784647,44.299713,-662.383373,23.035949,0.0
158,2025-01-20,sz.300033,297.99,297.99,285.9,288.3,290.6,16851889.0,4916268627.53,3,6.1167,1,-0.7915,120.820763,43.949095,-657.140834,22.853627,0.0
159,2025-01-21,sz.300033,293.0,295.0,286.0,294.22,288.3,14095413.0,4105421077.29,3,5.1162,1,2.0534,123.301717,44.851553,-670.634673,23.322907,0.0
160,2025-01-22,sz.300033,291.5,296.48,288.0,296.11,294.22,14723455.0,4306719072.96,3,5.3442,1,0.6424,124.093778,45.139669,-674.942672,23.472728,0.0
161,2025-01-23,sz.300033,304.0,325.0,298.0,298.05,296.11,28643892.0,8877938406.82,3,10.3968,1,0.6552,124.906793,45.435407,-679.36464,23.626512,0.0
162,2025-01-24,sz.300033,296.04,303.53,293.57,303.0,298.05,16354981.0,4890601179.86,3,5.9364,1,1.6608,126.981239,46.189996,-690.647495,24.0189,0.0
163,2025-01-27,sz.300033,301.07,302.5,278.0,279.13,303.0,17090617.0,4910898403.24,3,6.2034,1,-7.8779,116.977799,42.5512,-636.23906,22.126718,0.0
164,2025-02-05,sz.300033,288.0,295.66,282.01,287.6,279.13,13911630.0,3998913240.23,3,5.0495,1,3.0344,120.527407,43.842386,-655.545279,22.798138,0.0
165,2025-02-06,sz.300033,285.66,310.0,285.29,306.31,287.6,21549863.0,6496328185.39,3,7.8219,1,6.5056,128.368394,46.69458,-698.192192,24.281285,0.0
166,2025-02-07,sz.300033,305.01,329.99,300.99,316.68,306.31,30085568.0,9501253446.78,3,10.9201,1,3.3855,132.714253,48.275406,-721.829204,25.103318,0.0
167,2025-02-07,sz.300033,305.01,329.99,300.99,316.68,306.31,30085568.0,9501253446.78,3,10.9201,1,3.3855,132.714253,48.275406,-721.829204,25.103318,0.0
168,2025-02-10,sz.300033,321.0,325.8,314.0,321.19,316.68,19164404.0,6135561346.94,3,6.9561,1,1.4242,134.604304,48.96292,-732.109138,25.460827,0.0
169,2025-02-10,sz.300033,321.0,325.8,314.0,321.19,316.68,19164404.0,6135561346.94,3,6.9561,1,1.4242,134.604304,48.96292,-732.109138,25.460827,0.0
170,2025-02-11,sz.300033,316.81,325.0,311.88,319.27,321.19,14436782.0,4603868363.66,3,5.2401,1,-0.5978,133.79967,48.670231,-727.732758,25.308628,0.0
171,2024-06-06,sz.300750,203.98,206.88,202.2,204.79,204.12,12412570.0,2544442658.23,3,0.3187,1,0.3282,20.104924,2.30022,10.554488,4.336784,0.0
172,2024-06-07,sz.300750,198.86,202.45,187.59,193.2,204.79,51686760.0,10008885040.64,3,1.3271,1,-5.6595,18.967095,2.17004,9.957161,4.091346,0.0
173,2024-06-11,sz.300750,189.0,192.0,184.61,188.77,193.2,42072363.0,7876263876.2,3,1.0802,1,-2.293,18.532187,2.120282,9.728847,3.997533,0.0
174,2024-06-12,sz.300750,186.0,189.76,185.48,185.6,188.77,20310392.0,3788449182.24,3,0.5215,1,-1.6793,18.220977,2.084676,9.565472,3.930403,0.0
175,2024-06-13,sz.300750,187.0,190.01,185.12,185.18,185.6,22117637.0,4134985666.22,3,0.5679,1,-0.2263,18.179744,2.079959,9.543826,3.921508,0.0
176,2024-06-14,sz.300750,186.1,186.58,178.58,184.89,185.18,37184949.0,6764196086.13,3,0.9547,1,-0.1566,18.151274,2.076701,9.528879,3.915367,0.0
177,2024-06-17,sz.300750,182.55,190.5,182.31,188.2,184.89,26929318.0,5044213365.16,3,0.6914,1,1.7903,18.476228,2.11388,9.699471,3.985462,0.0
178,2024-06-18,sz.300750,188.15,190.47,187.02,190.33,188.2,15652909.0,2959271843.32,3,0.4019,1,1.1318,18.685337,2.137804,9.809247,4.030569,0.0
179,2024-06-19,sz.300750,190.6,190.7,187.68,189.01,190.33,10753975.0,2030697600.04,3,0.2761,1,-0.6935,18.554761,2.122865,9.740698,4.002402,0.0
180,2024-06-20,sz.300750,189.99,190.11,187.1,187.99,189.01,11562370.0,2172637229.05,3,0.2969,1,-0.5397,18.45463,2.111408,9.688132,3.980803,0.0
181,2024-06-21,sz.300750,188.31,188.96,182.37,185.16,187.99,18467717.0,3416688219.76,3,0.4742,1,-1.5054,18.176814,2.079623,9.542287,3.920876,0.0
182,2024-06-24,sz.300750,183.0,187.99,183.0,186.98,185.16,18035490.0,3363422625.72,3,0.4631,1,0.9829,18.35548,2.100065,9.636081,3.959416,0.0
183,2024-06-25,sz.300750,187.0,189.2,185.6,186.32,186.98,14414412.0,2696969882.24,3,0.3701,1,-0.353,18.290689,2.092652,9.602068,3.94544,0.0
184,2024-06-26,sz.300750,185.12,186.63,183.2,185.51,186.32,10481398.0,1940490559.38,3,0.2691,1,-0.4347,18.211173,2.083554,9.560325,3.928288,0.0
185,2024-06-27,sz.300750,185.51,185.88,183.01,185.0,185.51,12653577.0,2330478210.95,3,0.3249,1,-0.2749,18.161107,2.077826,9.534041,3.917488,0.0
186,2024-06-28,sz.300750,183.8,185.48,179.84,180.03,185.0,19420506.0,3539244333.22,3,0.4986,1,-2.6865,17.673211,2.022006,9.277911,3.812245,0.0
187,2024-07-01,sz.300750,179.19,179.28,171.17,176.07,180.03,26995744.0,4709620520.85,3,0.6931,1,-2.1996,17.284465,1.977529,9.073831,3.72839,0.0
188,2024-07-02,sz.300750,173.85,176.96,172.11,176.08,176.07,14415586.0,2529552189.48,3,0.3701,1,0.0057,17.285447,1.977641,9.074346,3.728602,0.0
189,2024-07-03,sz.300750,177.0,182.5,176.31,179.5,176.08,16205321.0,2906473773.97,3,0.4161,1,1.9423,17.621182,2.016053,9.250597,3.801022,0.0
190,2024-07-04,sz.300750,180.39,182.99,179.2,179.6,179.5,11834646.0,2137596470.18,3,0.3039,1,0.0557,17.630999,2.017176,9.255751,3.80314,0.0
191,2024-07-05,sz.300750,181.0,182.49,176.5,177.62,179.6,13524707.0,2414693953.96,3,0.3472,1,-1.1024,17.436626,1.994938,9.153711,3.761212,0.0
192,2024-07-08,sz.300750,176.01,178.37,175.01,175.91,177.62,10806397.0,1907514420.0,3,0.2775,1,-0.9627,17.268758,1.975732,9.065585,3.725002,0.0
193,2024-07-09,sz.300750,175.3,177.3,173.09,175.77,175.91,16443915.0,2876833389.62,3,0.4222,1,-0.0796,17.255015,1.97416,9.05837,3.722037,0.0
194,2024-07-10,sz.300750,175.01,180.09,173.05,173.05,175.77,17772919.0,3123226777.38,3,0.4563,1,-1.5475,16.987997,1.94361,8.918194,3.66444,0.0
195,2024-07-11,sz.300750,175.0,178.98,173.49,177.01,173.05,20811148.0,3678618339.7,3,0.5343,1,2.2884,17.376743,1.988087,9.122274,3.748295,0.0
196,2024-07-12,sz.300750,177.85,181.77,177.0,179.8,177.01,19550460.0,3523525353.71,3,0.502,1,1.5762,17.650632,2.019423,9.266058,3.807375,0.0
197,2024-07-12,sz.300750,177.85,181.77,177.0,179.8,177.01,19550460.0,3523525353.71,3,0.502,1,1.5762,17.650632,2.019423,9.266058,3.807375,0.0
198,2024-07-15,sz.300750,178.3,179.95,177.11,178.12,179.8,11469696.0,2041627402.34,3,0.2945,1,-0.9344,17.48571,2.000554,9.179478,3.7718,0.0
199,2024-07-16,sz.300750,177.5,180.5,177.3,179.3,178.12,15148737.0,2710034963.05,3,0.3889,1,0.6625,17.601548,2.013807,9.24029,3.796787,0.0
200,2024-07-17,sz.300750,178.0,182.66,175.94,180.89,179.3,18590141.0,3346445646.37,3,0.4773,1,0.8868,17.757636,2.031665,9.322231,3.830456,0.0
201,2024-07-18,sz.300750,180.0,189.1,179.68,188.35,180.89,31994401.0,5957621426.21,3,0.8215,1,4.1241,18.48997,2.115452,9.706685,3.988427,0.0
202,2024-07-19,sz.300750,186.35,190.09,186.2,189.44,188.35,20847631.0,3929663334.93,3,0.5353,1,0.5787,18.596973,2.127694,9.762858,4.011508,0.0
203,2024-07-22,sz.300750,191.19,194.18,187.4,189.52,189.44,17168252.0,3259890052.78,3,0.4408,1,0.0422,18.604827,2.128593,9.766981,4.013202,0.0
204,2024-07-23,sz.300750,189.01,189.7,186.2,186.2,189.52,11903104.0,2233862306.3,3,0.3056,1,-1.7518,18.278909,2.091304,9.595884,3.942899,0.0
205,2024-07-23,sz.300750,189.01,189.7,186.2,186.2,189.52,11903104.0,2233862306.3,3,0.3056,1,-1.7518,18.278909,2.091304,9.595884,3.942899,0.0
206,2024-07-24,sz.300750,186.0,189.09,185.39,186.32,186.2,14468136.0,2708577542.72,3,0.3715,1,0.0644,18.290689,2.092652,9.602068,3.94544,0.0
207,2024-07-25,sz.300750,186.12,190.73,185.06,187.73,186.32,20595888.0,3863507112.24,3,0.5288,1,0.7568,18.429106,2.108488,9.674733,3.975298,0.0
208,2024-07-26,sz.300750,190.0,193.3,188.05,189.35,187.73,23347718.0,4436931314.66,3,0.5995,1,0.8629,18.588138,2.126683,9.75822,4.009602,0.0
209,2024-07-29,sz.300750,187.0,187.0,180.0,184.53,189.35,21362366.0,3918833597.96,3,0.5485,1,-2.5456,17.543331,2.144902,23.350238,4.136509,0.0
210,2024-07-30,sz.300750,183.22,185.33,183.22,184.89,184.53,12725163.0,2349179517.95,3,0.3267,1,0.1951,17.577557,2.149086,23.395792,4.144579,0.0
211,2024-07-31,sz.300750,182.0,186.88,182.0,186.31,184.89,19896940.0,3690880179.03,3,0.5109,1,0.768,17.712557,2.165592,23.575477,4.17641,0.0
212,2024-08-01,sz.300750,185.0,186.0,180.1,180.3,186.31,23012659.0,4180640117.67,3,0.5908,1,-3.2258,17.141184,2.095734,22.814978,4.041687,0.0
213,2024-08-02,sz.300750,179.0,180.0,176.74,177.09,180.3,15493685.0,2753866402.32,3,0.3978,1,-1.7804,16.836008,2.058422,22.408788,3.969731,0.0
214,2024-08-05,sz.300750,175.01,180.19,175.0,177.0,177.09,19347659.0,3451887572.32,3,0.4967,1,-0.0508,16.827452,2.057376,22.397399,3.967713,0.0
215,2024-08-06,sz.300750,178.41,179.39,173.71,174.95,177.0,15768703.0,2771240102.29,3,0.4049,1,-1.1582,16.632557,2.033548,22.137994,3.921759,0.0
216,2024-08-07,sz.300750,174.95,176.23,173.67,173.67,174.95,12753959.0,2230380711.06,3,0.3275,1,-0.7316,16.510867,2.018669,21.976024,3.893066,0.0
217,2024-08-08,sz.300750,173.01,173.6,170.12,172.4,173.67,14658996.0,2520197340.45,3,0.3764,1,-0.7313,16.390128,2.003907,21.81532,3.864597,0.0
218,2024-08-09,sz.300750,173.6,174.87,170.0,170.0,172.4,15412989.0,2646422840.31,3,0.3957,1,-1.3921,16.161959,1.976011,21.511626,3.810798,0.0
219,2024-08-12,sz.300750,170.57,171.12,166.8,169.0,170.0,17415581.0,2934605437.63,3,0.4471,1,-0.5882,16.066889,1.964387,21.385087,3.788381,0.0
220,2024-08-13,sz.300750,168.89,174.96,168.38,173.78,169.0,19389256.0,3336604796.24,3,0.4978,1,2.8284,16.521325,2.019948,21.989944,3.895532,0.0
221,2024-08-14,sz.300750,172.99,174.45,171.72,172.21,173.78,9966285.0,1720375362.23,3,0.2559,1,-0.9034,16.372065,2.001699,21.791277,3.860338,0.0
222,2024-08-15,sz.300750,172.0,174.6,171.29,173.4,172.21,14481202.0,2511442939.39,3,0.3718,1,0.691,16.485198,2.015531,21.941859,3.887014,0.0
223,2024-08-16,sz.300750,173.4,176.0,172.88,173.62,173.4,11150641.0,1941327488.98,3,0.2863,1,0.1269,16.506114,2.018088,21.969697,3.891945,0.0
224,2024-08-19,sz.300750,173.35,177.94,173.15,175.6,173.62,14035843.0,2473581500.63,3,0.3604,1,1.1404,16.694353,2.041103,22.220245,3.93633,0.0
225,2024-08-20,sz.300750,175.0,176.0,173.66,174.87,175.6,8436955.0,1475662465.92,3,0.2166,1,-0.4157,16.624952,2.032618,22.127871,3.919966,0.0
226,2024-08-21,sz.300750,174.0,175.41,172.0,174.01,174.87,11147405.0,1940113037.72,3,0.2862,1,-0.4918,16.543191,2.022621,22.019048,3.900688,0.0
227,2024-08-22,sz.300750,174.98,179.97,174.3,178.8,174.01,19901136.0,3536569763.92,3,0.511,1,2.7527,16.998578,2.078298,22.625169,4.008063,0.0
228,2024-08-23,sz.300750,177.0,182.52,177.0,181.8,178.8,18415176.0,3332172741.09,3,0.4728,1,1.6779,17.283789,2.113169,23.004786,4.075312,0.0
229,2024-08-26,sz.300750,181.9,184.56,181.0,183.92,181.8,14838749.0,2717728514.01,3,0.381,1,1.1661,17.485339,2.137811,23.273049,4.122835,0.0
230,2024-08-27,sz.300750,182.52,184.49,181.5,183.5,183.92,9976992.0,1827225122.26,3,0.2562,1,-0.2284,17.445409,2.132929,23.219903,4.11342,0.0
231,2024-08-28,sz.300750,182.8,183.69,181.28,182.82,183.5,10639015.0,1940292275.3,3,0.2732,1,-0.3706,17.380761,2.125025,23.133856,4.098177,0.0
232,2024-08-29,sz.300750,179.17,182.99,179.17,180.8,182.82,15670242.0,2839993927.17,3,0.4023,1,-1.1049,17.188719,2.101546,22.878247,4.052896,0.0
233,2024-08-30,sz.300750,180.8,185.96,180.8,184.34,180.8,25429171.0,4689604094.32,3,0.6529,1,1.958,17.525268,2.142693,23.326195,4.13225,0.0
234,2024-09-02,sz.300750,184.44,185.59,181.0,181.19,184.34,12985176.0,2371406001.78,3,0.3334,1,-1.7088,17.225796,2.106079,22.927597,4.061638,0.0
235,2024-09-03,sz.300750,180.3,186.7,180.02,185.65,181.19,18196886.0,3362146073.33,3,0.4672,1,2.4615,17.64981,2.15792,23.491961,4.161615,0.0
236,2024-09-04,sz.300750,185.32,189.0,184.85,187.15,185.65,16564524.0,3101382415.29,3,0.4253,1,0.808,17.792416,2.175355,23.68177,4.19524,0.0
237,2024-09-05,sz.300750,187.15,189.55,185.8,186.8,187.15,12318215.0,2302962597.23,3,0.3163,1,-0.187,17.759141,2.171287,23.637481,4.187394,0.0
238,2024-09-06,sz.300750,186.12,188.5,185.4,185.95,186.8,7525486.0,1404159124.51,3,0.1932,1,-0.455,17.678331,2.161407,23.529923,4.16834,0.0
239,2024-09-09,sz.300750,185.11,188.66,183.47,185.15,185.95,13475355.0,2494206446.2,3,0.346,1,-0.4302,17.602275,2.152108,23.428692,4.150407,0.0
240,2024-09-10,sz.300750,185.5,185.5,181.05,181.16,185.15,15424413.0,2809100737.45,3,0.396,1,-2.155,17.222944,2.10573,22.923801,4.060966,0.0
241,2024-09-11,sz.300750,182.4,187.78,181.16,186.56,181.16,21197083.0,3938430662.64,3,0.5442,1,2.9808,17.736324,2.168497,23.607112,4.182014,0.0
242,2024-09-12,sz.300750,188.0,192.16,186.71,189.35,186.56,20709986.0,3931885572.83,3,0.5317,1,1.4955,18.001571,2.200927,23.960156,4.244556,0.0
243,2024-09-13,sz.300750,188.88,188.88,183.5,183.5,189.35,17287288.0,3202147524.27,3,0.4438,1,-3.0895,17.445409,2.132929,23.219903,4.11342,0.0
244,2024-09-18,sz.300750,183.6,187.43,183.29,186.4,183.5,11377895.0,2116044596.22,3,0.2921,1,1.5804,17.721113,2.166638,23.586866,4.178428,0.0
245,2024-09-19,sz.300750,187.0,188.22,183.6,186.9,186.4,15769409.0,2940618896.64,3,0.4049,1,0.2682,17.768648,2.172449,23.650135,4.189636,0.0
246,2024-09-20,sz.300750,186.9,187.9,183.68,185.6,186.9,15502703.0,2874252971.74,3,0.3977,1,-0.6956,17.659371,2.159089,23.504687,4.16387,0.0
247,2024-09-23,sz.300750,186.66,189.43,185.5,188.2,185.6,15792549.0,2968348168.22,3,0.4051,1,1.4009,17.906754,2.189335,23.833955,4.2222,0.0
248,2024-09-24,sz.300750,191.96,198.17,188.89,197.52,188.2,35451735.0,6891613101.73,3,0.9087,1,4.9522,18.793529,2.297754,25.014255,4.431291,0.0
249,2024-09-25,sz.300750,207.39,207.4,202.59,203.1,197.52,42010119.0,8606648805.95,3,1.0768,1,2.825,19.324452,2.362667,25.720915,4.556476,0.0
250,2024-09-26,sz.300750,203.7,207.33,198.93,205.51,203.1,35489346.0,7190132217.19,3,0.9096,1,1.1866,19.553757,2.390702,26.026121,4.610544,0.0
251,2024-09-27,sz.300750,212.0,231.68,211.67,226.81,205.51,70181326.0,15567947397.43,3,1.7988,1,10.3645,21.580398,2.638486,28.723588,5.088401,0.0
252,2024-09-30,sz.300750,233.02,255.0,232.0,251.89,226.81,91361145.0,22246725636.15,3,2.3417,1,11.0577,23.966697,2.930242,31.89976,5.651062,0.0
253,2024-10-08,sz.300750,296.0,301.5,267.66,299.0,251.89,137646479.0,39285155658.41,3,3.5281,1,18.7026,28.449094,3.478274,37.865848,6.707958,0.0
254,2024-10-09,sz.300750,279.9,279.99,255.0,255.0,299.0,108691594.0,29017394644.92,3,2.7859,1,-14.7157,24.262606,2.966421,32.293616,5.720834,0.0
255,2024-10-10,sz.300750,255.0,265.99,250.16,258.0,255.0,60833833.0,15786972610.89,3,1.5593,1,1.1765,24.548048,3.00132,32.673541,5.788138,0.0
256,2024-10-11,sz.300750,255.5,255.5,237.93,241.79,258.0,47640230.0,11668275358.21,3,1.2211,1,-6.2829,23.005707,2.812748,30.62068,5.424472,0.0
257,2024-10-14,sz.300750,249.99,252.8,244.94,249.72,241.79,46759863.0,11671765786.38,3,1.1985,1,3.2797,23.760227,2.904998,31.624948,5.602379,0.0
258,2024-10-15,sz.300750,249.81,250.84,241.13,241.22,249.72,32765334.0,8057930637.14,3,0.8398,1,-3.4038,22.951473,2.806118,30.548494,5.411685,0.0
259,2024-10-16,sz.300750,238.82,238.82,233.33,233.85,241.22,33585954.0,7918107275.66,3,0.8609,1,-3.0553,22.250236,2.720382,29.615145,5.246341,0.0
260,2024-10-17,sz.300750,234.0,238.88,230.86,231.5,233.85,26164672.0,6135626737.15,3,0.6706,1,-1.0049,22.02664,2.693045,29.317537,5.19362,0.0
261,2024-10-18,sz.300750,230.0,258.88,229.6,249.89,231.5,68013787.0,16734812130.47,3,1.7433,1,7.9438,23.776402,2.906976,31.646477,5.606193,0.0
262,2024-10-21,sz.300750,259.0,262.53,251.75,253.36,249.89,58455809.0,14972853360.17,3,1.4983,1,1.3886,22.773738,3.053471,40.080494,4.707139,0.0
263,2024-10-22,sz.300750,254.0,254.56,247.26,250.55,253.36,27876033.0,6986426718.6,3,0.7145,1,-1.1091,22.521156,3.019606,39.635964,4.654932,0.0
264,2024-10-23,sz.300750,247.81,254.94,246.86,249.3,250.55,32154122.0,8076690148.32,3,0.8242,1,-0.4989,22.408797,3.004541,39.438219,4.631709,0.0
265,2024-10-24,sz.300750,249.77,251.5,245.0,246.16,249.3,21465790.0,5297733385.73,3,0.5502,1,-1.2595,22.126552,2.966698,38.941485,4.573371,0.0
266,2024-10-25,sz.300750,252.34,265.0,246.3,258.88,246.16,57898551.0,14887536977.89,3,1.484,1,5.1674,23.269913,3.119998,40.953735,4.809694,0.0
267,2024-10-28,sz.300750,256.13,258.61,253.0,256.24,258.88,27601935.0,7053002719.83,3,0.7075,1,-1.0198,23.032612,3.088181,40.536098,4.760646,0.0
268,2024-10-29,sz.300750,256.24,257.71,251.24,251.78,256.24,26994808.0,6853075171.39,3,0.6919,1,-1.7406,22.631716,3.034429,39.830545,4.677784,0.0
269,2024-10-30,sz.300750,250.0,252.3,244.5,248.03,251.78,27134374.0,6734690047.33,3,0.6955,1,-1.4894,22.294641,2.989235,39.237311,4.608114,0.0
270,2024-10-31,sz.300750,246.99,250.5,244.0,245.98,248.03,25500279.0,6286268642.67,3,0.6536,1,-0.8265,22.110373,2.964528,38.913009,4.570027,0.0
271,2024-11-01,sz.300750,246.53,249.82,245.18,246.2,245.98,25915829.0,6418140472.77,3,0.6643,1,0.0894,22.130148,2.96718,38.947812,4.574114,0.0
272,2024-11-04,sz.300750,244.0,254.3,244.0,251.2,246.2,24247222.0,6074686403.4,3,0.6215,1,2.0309,22.579582,3.027439,39.738791,4.667009,0.0
273,2024-11-05,sz.300750,250.58,262.82,249.13,261.39,251.2,48482094.0,12547431634.82,3,1.2427,1,4.0565,23.495529,3.150248,41.350807,4.856327,0.0
274,2024-11-06,sz.300750,258.99,269.5,253.5,256.5,261.39,45239310.0,11840068810.22,3,1.1595,1,-1.8708,23.055982,3.091314,40.577229,4.765477,0.0
275,2024-11-07,sz.300750,258.0,262.8,253.88,262.8,256.5,33571027.0,8698717048.5,3,0.8605,1,2.4561,23.62227,3.167241,41.573863,4.882523,0.0
276,2024-11-07,sz.300750,258.0,262.8,253.88,262.8,256.5,33571027.0,8698717048.5,3,0.8605,1,2.4561,23.62227,3.167241,41.573863,4.882523,0.0
277,2024-11-08,sz.300750,269.66,272.0,257.1,257.5,262.8,40294127.0,10612727375.41,3,1.0328,1,-2.0167,23.145869,3.103366,40.735425,4.784055,0.0
278,2024-11-11,sz.300750,252.35,268.99,251.01,267.5,257.5,49153907.0,12844920271.79,3,1.2599,1,3.8835,24.044738,3.223885,42.317383,4.969844,0.0
279,2024-11-11,sz.300750,252.35,268.99,251.01,267.5,257.5,49153907.0,12844920271.79,3,1.2599,1,3.8835,24.044738,3.223885,42.317383,4.969844,0.0
280,2024-11-12,sz.300750,278.28,285.2,270.98,273.02,267.5,74403008.0,20764206510.38,3,1.9071,1,2.0636,24.540914,3.290412,43.190624,5.072399,0.0
281,2024-11-13,sz.300750,269.0,288.2,266.77,282.0,273.02,55773688.0,15410247017.55,3,1.4296,1,3.2891,25.348098,3.398638,44.611223,5.239237,0.0
282,2024-11-14,sz.300750,283.0,284.99,274.66,275.0,282.0,42657210.0,11940874423.6,3,1.0934,1,-2.4823,24.71889,3.314275,43.503852,5.109185,0.0
283,2024-11-15,sz.300750,269.5,275.0,265.56,265.56,275.0,35198317.0,9488134617.77,3,0.9022,1,-3.4327,23.870358,3.200505,42.010484,4.933801,0.0
284,2024-11-18,sz.300750,265.56,270.95,261.0,262.92,265.56,30650010.0,8135717135.86,3,0.7856,1,-0.9941,23.633056,3.168688,41.592847,4.884753,0.0
285,2024-11-19,sz.300750,262.02,272.0,258.0,268.72,262.92,34812887.0,9211079120.51,3,0.8921,1,2.206,24.160385,3.239391,42.520915,4.993747,0.0
286,2024-11-20,sz.300750,266.95,269.9,264.6,267.55,268.72,22708778.0,6060616028.92,3,0.5819,1,-0.4354,24.055191,3.225287,42.33578,4.972005,0.0
287,2024-11-21,sz.300750,265.66,271.43,263.66,268.26,267.55,20550827.0,5510533650.39,3,0.5266,1,0.2654,24.119027,3.233846,42.448127,4.985199,0.0
288,2024-11-22,sz.300750,267.93,269.0,258.88,259.1,268.26,22555101.0,5937579845.21,3,0.578,1,-3.4146,23.295459,3.123423,40.998694,4.814974,0.0
289,2024-11-25,sz.300750,263.06,266.56,261.18,264.1,259.1,26239071.0,6923644963.03,3,0.6724,1,1.9298,23.745005,3.183698,41.789869,4.907892,0.0
290,2024-11-26,sz.300750,261.57,263.97,255.66,256.72,264.1,27360405.0,7076484876.24,3,0.7011,1,-2.7944,23.081475,3.094732,40.622095,4.770746,0.0
291,2024-11-27,sz.300750,254.7,260.9,251.47,259.9,256.72,27400665.0,7033615361.69,3,0.7021,1,1.2387,23.367386,3.133067,41.125282,4.829841,0.0
292,2024-11-28,sz.300750,259.2,259.53,253.5,254.7,259.9,22355598.0,5728197559.53,3,0.5728,1,-2.0008,22.899859,3.070382,40.30246,4.733207,0.0
293,2024-11-29,sz.300750,251.23,267.99,251.23,261.24,254.7,31366272.0,8192074188.26,3,0.8037,1,2.5677,23.487864,3.149221,41.337317,4.854743,0.0
294,2024-12-02,sz.300750,258.64,263.55,257.21,262.19,261.24,20647547.0,5387882833.85,3,0.5291,1,0.3637,23.573278,3.160673,41.487641,4.872397,0.0
295,2024-12-03,sz.300750,261.0,262.99,259.0,261.84,262.19,17310789.0,4514867561.72,3,0.4436,1,-0.1335,23.54181,3.156453,41.432258,4.865893,0.0
296,2024-12-04,sz.300750,260.0,262.0,257.5,258.97,261.84,16181395.0,4186965339.38,3,0.4146,1,-1.0961,23.283771,3.121856,40.978124,4.812558,0.0
297,2024-12-05,sz.300750,257.99,258.95,255.01,256.0,258.97,16021580.0,4109014221.95,3,0.4105,1,-1.1469,23.016741,3.086053,40.508166,4.757366,0.0
298,2024-12-06,sz.300750,256.0,269.9,255.0,266.55,256.0,33038136.0,8719647873.97,3,0.8466,1,4.1211,23.965282,3.213232,42.177545,4.953421,0.0
299,2024-12-09,sz.300750,266.99,269.66,264.41,268.05,266.55,22456090.0,6005103478.7,3,0.5754,1,0.5627,24.100146,3.231314,42.414898,4.981296,0.0
300,2024-12-10,sz.300750,281.28,281.5,269.33,270.57,268.05,32904436.0,9035442039.71,3,0.8432,1,0.9401,24.326717,3.261693,42.81365,5.028127,0.0
301,2024-12-11,sz.300750,273.96,279.5,266.52,267.1,270.57,19400821.0,5262014871.75,3,0.4971,1,-1.2825,24.014732,3.219862,42.264575,4.963642,0.0
302,2024-12-12,sz.300750,265.9,275.38,265.2,273.71,267.1,22329514.0,6055502392.49,3,0.5722,1,2.4747,24.609031,3.299545,43.310508,5.086479,0.0
303,2024-12-13,sz.300750,269.88,272.0,266.0,267.03,273.71,28316441.0,7596460114.56,3,0.7256,1,-2.4405,24.008438,3.219018,42.253498,4.962341,0.0
304,2024-12-16,sz.300750,266.22,269.5,264.05,267.2,267.03,16257508.0,4333963457.3,3,0.4166,1,0.0637,24.023723,3.221068,42.280398,4.9655,0.0
305,2024-12-17,sz.300750,267.0,278.0,266.54,273.8,267.2,28214610.0,7746201690.52,3,0.723,1,2.4701,24.617123,3.30063,43.324749,5.088151,0.0
306,2024-12-18,sz.300750,274.31,274.73,270.31,271.41,273.8,15085329.0,4110472402.55,3,0.3865,1,-0.8729,24.40224,3.271819,42.946567,5.043737,0.0
307,2024-12-19,sz.300750,269.26,272.35,266.62,269.79,271.41,15346018.0,4137668599.45,3,0.3932,1,-0.5969,24.256588,3.25229,42.690227,5.013631,0.0
308,2024-12-20,sz.300750,269.79,270.8,260.32,262.71,269.79,27740098.0,7313368050.81,3,0.7108,1,-2.6243,23.620031,3.166941,41.569923,4.882061,0.0
309,2024-12-23,sz.300750,262.71,268.88,262.71,263.5,262.71,20639383.0,5482614221.43,3,0.5289,1,0.3007,23.691059,3.176465,41.694928,4.896742,0.0
310,2024-12-23,sz.300750,262.71,268.88,262.71,263.5,262.71,20639383.0,5482614221.43,3,0.5289,1,0.3007,23.691059,3.176465,41.694928,4.896742,0.0
311,2024-12-24,sz.300750,263.0,268.25,263.0,268.23,263.5,19615352.0,5229920631.84,3,0.5026,1,1.7951,24.116329,3.233484,42.44338,4.984641,0.0
312,2024-12-25,sz.300750,268.91,270.91,266.26,267.97,268.23,11413810.0,3058526680.1,3,0.2925,1,-0.0969,24.092953,3.23035,42.402239,4.97981,0.0
313,2024-12-26,sz.300750,267.2,267.2,261.0,261.25,267.97,22443762.0,5898437344.16,3,0.5751,1,-2.5077,23.488764,3.149341,41.3389,4.854929,0.0
314,2024-12-27,sz.300750,260.57,263.42,255.0,262.0,261.25,24351918.0,6338085456.58,3,0.624,1,0.2871,23.556195,3.158382,41.457576,4.868866,0.0
315,2024-12-30,sz.300750,260.88,267.5,260.51,266.58,262.0,22631352.0,6013633016.57,3,0.5799,1,1.7481,23.967979,3.213594,42.182292,4.953979,0.0
316,2024-12-31,sz.300750,265.09,270.5,265.09,266.0,266.58,24933952.0,6694555730.67,3,0.6389,1,-0.2176,23.915832,3.206602,42.090516,4.9432,0.0
317,2025-01-02,sz.300750,266.25,266.3,257.0,258.78,266.0,23354576.0,6090661831.17,3,0.5984,1,-2.7143,23.266688,3.119565,40.948059,4.809028,0.0
318,2025-01-03,sz.300750,258.78,263.0,257.21,257.63,258.78,18523758.0,4812148522.42,3,0.4747,1,-0.4444,23.163292,3.105702,40.766089,4.787657,0.0
319,2025-01-06,sz.300750,258.0,260.0,253.0,256.75,257.63,17289077.0,4433101113.47,3,0.443,1,-0.3416,23.084172,3.095094,40.626842,4.771303,0.0
320,2025-01-07,sz.300750,243.0,252.0,241.08,249.45,256.75,40103599.0,9934923663.6,3,1.0276,1,-2.8432,22.427836,3.007093,39.471726,4.635644,0.0
321,2025-01-08,sz.300750,245.99,248.31,243.32,245.34,249.45,27185752.0,6681628785.11,3,0.6966,1,-1.6476,22.058309,2.957548,38.82138,4.559266,0.0
322,2025-01-09,sz.300750,241.35,250.25,241.16,247.33,245.34,16932878.0,4168600175.92,3,0.4339,1,0.8111,22.237228,2.981537,39.136268,4.596247,0.0
323,2025-01-10,sz.300750,246.5,249.95,244.68,246.0,247.33,14729433.0,3643092329.08,3,0.3774,1,-0.5377,22.117649,2.965504,38.925816,4.571531,0.0
324,2025-01-13,sz.300750,243.5,250.0,242.0,246.91,246.0,18092226.0,4467775090.65,3,0.4636,1,0.3699,22.199466,2.976474,39.069809,4.588442,0.0
325,2025-01-14,sz.300750,247.71,257.0,245.21,256.2,246.91,20246734.0,5108567634.52,3,0.5188,1,3.7625,23.034722,3.088464,40.539813,4.761082,0.0
326,2025-01-15,sz.300750,256.2,256.4,249.67,250.87,256.2,15062665.0,3798504600.23,3,0.386,1,-2.0804,22.555507,3.024211,39.69642,4.662032,0.0
327,2025-01-16,sz.300750,252.0,254.6,248.26,249.93,250.87,16188378.0,4056598313.89,3,0.4148,1,-0.3747,22.470992,3.01288,39.547679,4.644564,0.0
328,2025-01-17,sz.300750,248.5,253.5,248.08,251.5,249.93,11106600.0,2786220135.4,3,0.2846,1,0.6282,22.612149,3.031806,39.796108,4.67374,0.0
329,2025-01-20,sz.300750,256.5,267.61,256.31,265.52,251.5,34283497.0,9048642227.01,3,0.8785,1,5.5746,23.872676,3.200815,42.014563,4.93428,0.0
330,2025-01-21,sz.300750,268.5,268.76,263.22,264.18,265.52,13893306.0,3681448144.13,3,0.356,1,-0.5047,23.752197,3.184662,41.802528,4.909378,0.0
331,2025-01-22,sz.300750,262.0,264.9,254.21,258.0,264.18,25040737.0,6440345376.16,3,0.6416,1,-2.3393,23.196559,3.110163,40.824636,4.794532,0.0
332,2025-01-23,sz.300750,259.85,262.5,256.98,257.5,258.0,16553688.0,4291744662.35,3,0.4242,1,-0.1938,23.151604,3.104135,40.745518,4.785241,0.0
333,2025-01-24,sz.300750,256.01,264.78,256.01,260.62,256.27,22439796.0,5876198259.64,3,0.575,1,1.6974,23.432121,3.141746,41.239212,4.843221,0.0
334,2025-01-27,sz.300750,260.63,262.97,257.0,257.0,260.62,17102637.0,4460049868.79,3,0.4382,1,-1.389,23.10665,3.098108,40.666401,4.775949,0.0
335,2025-02-05,sz.300750,260.0,262.0,251.05,252.12,257.0,24048140.0,6141794779.18,3,0.6162,1,-1.8988,22.667893,3.03928,39.894214,4.685262,0.0
336,2025-02-06,sz.300750,251.0,253.49,249.2,253.1,252.12,24896101.0,6261792979.68,3,0.6379,1,0.3887,22.756004,3.051094,40.049284,4.703474,0.0
337,2025-02-07,sz.300750,257.0,262.56,251.62,261.28,253.1,34441254.0,8922582684.06,3,0.8825,1,3.2319,23.491461,3.149703,41.343647,4.855486,0.0
338,2025-02-07,sz.300750,257.0,262.56,251.62,261.28,253.1,34441254.0,8922582684.06,3,0.8825,1,3.2319,23.491461,3.149703,41.343647,4.855486,0.0
339,2025-02-10,sz.300750,261.28,261.47,255.18,258.45,261.28,22926710.0,5928297100.65,3,0.5875,1,-1.0831,23.237018,3.115587,40.895842,4.802895,0.0
340,2025-02-10,sz.300750,261.28,261.47,255.18,258.45,261.28,22926710.0,5928297100.65,3,0.5875,1,-1.0831,23.237018,3.115587,40.895842,4.802895,0.0
341,2025-02-11,sz.300750,260.44,260.5,251.06,251.8,258.45,24791980.0,6268157349.51,3,0.6353,1,-2.573,22.639122,3.035422,39.843579,4.679315,0.0
342,2024-06-06,sh.688111,267.81,270.43,264.5,266.04,267.78,1902886.0,507905994.8,3,0.4118,1,-0.6498,86.722211,25.989526,-74.746216,11.891663,0.0
343,2024-06-07,sh.688111,266.4,266.8,256.5,258.57,266.04,3217156.0,835763167.89,3,0.6963,1,-2.8078,84.287182,25.25978,-72.647455,11.557763,0.0
344,2024-06-11,sh.688111,257.71,263.5,255.57,262.95,258.57,2191092.0,568120661.29,3,0.4742,1,1.6939,85.71495,25.687663,-73.878054,11.753543,0.0
345,2024-06-12,sh.688111,263.1,271.8,262.57,264.06,262.95,2529752.0,675644366.23,3,0.5475,1,0.4221,86.076781,25.796099,-74.189918,11.803159,0.0
346,2024-06-13,sh.688111,264.48,269.5,260.14,267.5,264.06,2133556.0,565683444.15,3,0.4618,1,1.3027,87.198133,26.132154,-75.156415,11.956923,0.0
347,2024-06-14,sh.688111,267.6,273.68,264.11,271.22,267.5,3827005.0,1032462132.14,3,0.8283,1,1.3907,88.410758,26.495562,-76.201581,12.123202,0.0
348,2024-06-17,sh.688111,271.0,271.0,257.04,259.2,271.22,4624305.0,1205093920.7,3,1.0008,1,-4.4318,84.492546,25.321325,-72.824459,11.585923,0.0
349,2024-06-18,sh.688111,260.5,262.56,257.33,259.4,259.2,2443671.0,634286532.41,3,0.5289,1,0.0772,84.557741,25.340863,-72.880651,11.594863,0.0
350,2024-06-19,sh.688111,260.09,260.09,246.01,246.55,259.4,5017219.0,1251593112.99,3,1.0858,1,-4.9537,80.368971,24.085542,-69.270333,11.020483,0.0
351,2024-06-20,sh.688111,248.0,251.49,245.35,247.25,246.55,2938597.0,730250633.82,3,0.636,1,0.2839,80.597153,24.153926,-69.467004,11.051773,0.0
352,2024-06-21,sh.688111,246.0,249.5,242.56,247.77,247.25,3044175.0,746344237.37,3,0.6588,1,0.2103,80.76666,24.204724,-69.613103,11.075016,0.0
353,2024-06-24,sh.688111,247.69,252.9,246.0,246.48,247.77,2912896.0,726152069.09,3,0.6304,1,-0.5206,80.346153,24.078704,-69.250666,11.017355,0.0
354,2024-06-25,sh.688111,245.0,247.0,238.5,240.0,246.48,2756647.0,666383930.48,3,0.5966,1,-2.629,78.233839,23.445671,-67.430055,10.727706,0.0
355,2024-06-26,sh.688111,240.9,251.99,238.94,249.9,240.0,3297774.0,810345591.01,3,0.7137,1,4.125,81.460985,24.412805,-70.211544,11.170224,0.0
356,2024-06-27,sh.688111,249.6,251.55,245.03,245.63,249.9,1990504.0,491893787.05,3,0.4308,1,-1.7087,80.069074,23.995667,-69.011851,10.979361,0.0
357,2024-06-28,sh.688111,243.8,245.74,226.0,227.5,244.75,7133724.0,1662503650.84,3,1.5439,1,-7.048,74.15916,22.224542,-63.918073,10.168972,0.0
358,2024-07-01,sh.688111,228.0,228.0,204.5,205.0,227.5,8843752.0,1864819091.34,3,1.914,1,-9.8901,66.824737,20.026511,-57.596505,9.163249,0.0
359,2024-07-02,sh.688111,206.52,206.52,197.66,200.02,205.0,6145680.0,1232841438.22,3,1.3301,1,-2.4293,65.201385,19.540013,-56.197331,8.940649,0.0
360,2024-07-03,sh.688111,199.86,200.52,191.5,198.15,200.02,5664607.0,1110871547.39,3,1.226,1,-0.9349,64.591813,19.357332,-55.671939,8.857063,0.0
361,2024-07-04,sh.688111,198.78,199.58,191.41,191.42,198.15,3804572.0,738720974.24,3,0.8234,1,-3.3964,62.398006,18.699876,-53.781088,8.55624,0.0
362,2024-07-05,sh.688111,191.0,198.83,188.53,197.66,191.42,4978384.0,964113582.34,3,1.0774,1,3.2598,64.432086,19.309464,-55.534269,8.83516,0.0
363,2024-07-08,sh.688111,197.66,200.78,190.6,193.0,197.66,4598093.0,893957148.16,3,0.9951,1,-2.3576,62.913046,18.854227,-54.225002,8.626864,0.0
364,2024-07-09,sh.688111,192.06,195.36,189.25,194.01,193.0,5180221.0,993308424.54,3,1.1211,1,0.5233,63.24228,18.952894,-54.50877,8.67201,0.0
365,2024-07-10,sh.688111,193.5,195.3,186.53,187.33,194.01,4283775.0,813095409.97,3,0.9271,1,-3.4431,61.064771,18.300323,-52.631967,8.373422,0.0
366,2024-07-11,sh.688111,190.42,193.57,187.14,191.38,187.33,4632902.0,882078908.28,3,1.0027,1,2.162,62.384967,18.695969,-53.769849,8.554452,0.0
367,2024-07-12,sh.688111,191.1,191.77,187.35,191.0,191.38,2881946.0,547908072.5,3,0.6237,1,-0.1986,62.261097,18.658846,-53.663085,8.537466,0.0
368,2024-07-12,sh.688111,191.1,191.77,187.35,191.0,191.38,2881946.0,547908072.5,3,0.6237,1,-0.1986,62.261097,18.658846,-53.663085,8.537466,0.0
369,2024-07-15,sh.688111,190.68,190.68,185.88,187.62,191.0,2889108.0,542237842.67,3,0.6253,1,-1.7696,61.159304,18.328653,-52.713445,8.386385,0.0
370,2024-07-16,sh.688111,186.9,196.4,185.63,195.36,187.62,5479476.0,1050471850.21,3,1.1859,1,4.1254,63.682345,19.084776,-54.888064,8.732353,0.0
371,2024-07-17,sh.688111,195.28,202.97,195.23,196.9,195.36,5228567.0,1037476806.1,3,1.1304,1,0.7883,64.249308,19.254688,-55.376732,8.810097,0.0
372,2024-07-18,sh.688111,194.9,201.49,193.0,199.2,196.9,4619204.0,912280637.87,3,0.9987,1,1.1681,64.999808,19.479603,-56.023591,8.913008,0.0
373,2024-07-19,sh.688111,197.8,204.95,197.5,203.48,199.2,5309900.0,1074349582.57,3,1.148,1,2.1486,66.39639,19.89814,-57.227311,9.104513,0.0
374,2024-07-22,sh.688111,207.96,215.15,204.05,208.24,203.48,6792471.0,1423662777.06,3,1.4686,1,2.3393,67.949599,20.363617,-58.566027,9.317494,0.0
375,2024-07-23,sh.688111,207.51,209.68,201.09,201.2,208.24,3952683.0,810596023.22,3,0.8546,1,-3.3807,65.652417,19.675181,-56.586077,9.002496,0.0
376,2024-07-23,sh.688111,207.51,209.68,201.09,201.2,208.24,3952683.0,810596023.22,3,0.8546,1,-3.3807,65.652417,19.675181,-56.586077,9.002496,0.0
377,2024-07-24,sh.688111,201.26,203.88,194.11,194.69,201.2,3659787.0,723075716.6,3,0.7913,1,-3.2356,63.528176,19.038574,-54.755186,8.711213,0.0
378,2024-07-25,sh.688111,194.68,199.71,192.04,195.78,194.69,3075717.0,602411273.08,3,0.665,1,0.5599,63.883848,19.145164,-55.06174,8.759984,0.0
379,2024-07-26,sh.688111,196.34,199.59,194.46,195.4,195.78,2046362.0,401471257.77,3,0.4424,1,-0.1941,63.759852,19.108004,-54.954868,8.742981,0.0
380,2024-07-29,sh.688111,194.5,196.4,193.29,194.16,195.4,1877948.0,365255743.03,3,0.406,1,-0.6346,63.355235,18.986745,-54.606127,8.687499,0.0
381,2024-07-30,sh.688111,194.16,195.07,189.22,193.72,194.16,2647247.0,508602897.19,3,0.5723,1,-0.2266,63.211661,18.943718,-54.48238,8.667811,0.0
382,2024-07-31,sh.688111,193.3,211.3,192.53,210.64,193.72,6190148.0,1272873713.93,3,1.3383,1,8.7343,68.732729,20.598311,-59.24101,9.42488,0.0
383,2024-08-01,sh.688111,211.0,212.0,198.8,202.8,210.64,5026884.0,1025540037.17,3,1.0868,1,-3.722,66.174503,19.831644,-57.036066,9.074087,0.0
384,2024-08-02,sh.688111,199.88,205.5,199.29,200.15,202.8,3598289.0,725116125.93,3,0.778,1,-1.3067,65.309797,19.572503,-56.290772,8.955515,0.0
385,2024-08-05,sh.688111,199.08,205.96,197.05,197.5,200.15,3504069.0,704786853.69,3,0.7576,1,-1.324,64.445091,19.313361,-55.545478,8.836944,0.0
386,2024-08-06,sh.688111,201.0,204.26,197.6,201.02,197.5,3316117.0,663366828.91,3,0.717,1,1.7823,65.593682,19.657579,-56.535453,8.994442,0.0
387,2024-08-07,sh.688111,202.0,202.8,196.3,199.53,201.02,2802923.0,559250320.67,3,0.606,1,-0.7412,65.107489,19.511873,-56.116401,8.927774,0.0
388,2024-08-08,sh.688111,197.01,201.98,194.5,197.48,199.53,2702029.0,533172843.44,3,0.5842,1,-1.0274,64.438565,19.311405,-55.539853,8.836049,0.0
389,2024-08-09,sh.688111,197.48,200.31,193.56,194.23,197.48,2508144.0,490341753.87,3,0.5423,1,-1.6457,63.378076,18.993591,-54.625814,8.690631,0.0
390,2024-08-12,sh.688111,193.0,193.88,189.89,192.47,194.23,2301396.0,441099269.24,3,0.4976,1,-0.9061,62.803781,18.821482,-54.130826,8.611881,0.0
391,2024-08-13,sh.688111,192.47,193.36,189.5,192.3,192.47,2869939.0,547705539.7,3,0.6205,1,-0.0883,62.748309,18.804858,-54.083015,8.604275,0.0
392,2024-08-14,sh.688111,191.6,193.28,188.25,188.25,192.3,3226918.0,614949994.95,3,0.6977,1,-2.1061,61.426777,18.408811,-52.943981,8.423061,0.0
393,2024-08-15,sh.688111,187.51,194.48,187.09,192.55,188.25,3567101.0,682807709.72,3,0.7712,1,2.2842,62.829885,18.829305,-54.153326,8.615461,0.0
394,2024-08-16,sh.688111,192.11,193.39,188.57,189.67,192.55,2553443.0,486178700.34,3,0.5521,1,-1.4957,61.890129,18.547672,-53.343346,8.486598,0.0
395,2024-08-19,sh.688111,189.12,198.93,189.12,196.0,189.67,4517562.0,888281719.05,3,0.9767,1,3.3374,63.955635,19.166677,-55.123614,8.769828,0.0
396,2024-08-20,sh.688111,195.5,197.72,190.17,191.15,196.0,2830332.0,548171534.03,3,0.6119,1,-2.4745,62.373059,18.6924,-53.759586,8.552819,0.0
397,2024-08-21,sh.688111,189.03,192.58,185.17,188.7,191.15,4216204.0,795140018.88,3,0.9116,1,-1.2817,60.616156,18.195112,-18.706916,8.423735,0.0
398,2024-08-22,sh.688111,188.7,195.6,186.66,187.71,188.7,3540845.0,674871722.22,3,0.7655,1,-0.5246,60.298138,18.099653,-18.608772,8.379541,0.0
399,2024-08-23,sh.688111,187.04,192.0,187.04,189.8,187.71,2306797.0,437838106.76,3,0.4987,1,1.1134,60.969509,18.301178,-18.815966,8.47284,0.0
400,2024-08-26,sh.688111,189.8,194.89,187.27,190.0,189.8,3315164.0,629307594.84,3,0.7168,1,0.1054,61.033756,18.320462,-18.835793,8.481768,0.0
401,2024-08-27,sh.688111,189.04,189.34,180.78,181.3,190.0,5109641.0,936281481.31,3,1.1047,1,-4.5789,58.239052,17.481578,-17.973312,8.093393,0.0
402,2024-08-28,sh.688111,180.79,182.0,176.8,178.0,181.3,3213711.0,574681838.72,3,0.6948,1,-1.8202,57.178992,17.16338,-17.646164,7.946078,0.0
403,2024-08-29,sh.688111,177.03,185.5,176.67,181.62,178.0,3146190.0,569931868.44,3,0.6802,1,2.0337,58.341846,17.512434,-18.005035,8.107678,0.0
404,2024-08-30,sh.688111,182.49,186.0,181.22,182.21,181.62,6742940.0,1242257104.77,3,1.4579,1,0.3249,58.531372,17.569323,-18.063525,8.134016,0.0
405,2024-09-02,sh.688111,181.7,181.7,168.53,168.53,182.21,6306604.0,1087245882.03,3,1.3635,1,-7.5078,54.136941,16.25025,-16.707348,7.523328,0.0
406,2024-09-03,sh.688111,168.3,174.5,167.18,173.72,168.53,5055637.0,869486543.02,3,1.0931,1,3.0796,55.804126,16.750688,-17.221863,7.755015,0.0
407,2024-09-04,sh.688111,171.8,177.7,171.8,174.57,173.72,3312982.0,579575526.08,3,0.7163,1,0.4893,56.077172,16.832648,-17.306128,7.792959,0.0
408,2024-09-05,sh.688111,175.38,178.88,174.44,174.8,174.57,2366928.0,416487883.52,3,0.5117,1,0.1318,56.151055,16.854825,-17.328929,7.803227,0.0
409,2024-09-06,sh.688111,174.31,175.24,169.8,169.8,174.8,2075860.0,356600398.73,3,0.4488,1,-2.8604,54.544904,16.372708,-16.833251,7.580022,0.0
410,2024-09-09,sh.688111,168.61,171.1,168.61,169.6,169.8,2161216.0,367022099.65,3,0.4673,1,-0.1178,54.480658,16.353423,-16.813424,7.571094,0.0
411,2024-09-10,sh.688111,170.08,180.5,169.1,178.51,169.6,4271760.0,746224181.11,3,0.9236,1,5.2535,57.342819,17.212556,-17.696723,7.968845,0.0
412,2024-09-11,sh.688111,177.01,186.5,176.65,183.67,178.51,6056966.0,1108796588.79,3,1.3095,1,2.8906,59.000368,17.710102,-18.208264,8.199192,0.0
413,2024-09-12,sh.688111,183.49,186.3,180.87,181.4,183.67,2796039.0,510748617.21,3,0.6045,1,-1.2359,58.271175,17.49122,-17.983225,8.097857,0.0
414,2024-09-13,sh.688111,181.4,182.67,178.56,181.08,181.4,2616428.0,472243532.98,3,0.5657,1,-0.1764,58.168381,17.460365,-17.951502,8.083572,0.0
415,2024-09-18,sh.688111,181.44,185.98,177.9,183.82,181.08,3557548.0,647296066.55,3,0.7692,1,1.5131,59.048552,17.724565,-18.223134,8.205888,0.0
416,2024-09-19,sh.688111,183.9,188.0,180.19,185.99,183.82,3754248.0,694047747.08,3,0.8117,1,1.1805,59.745622,17.933804,-18.438259,8.302758,0.0
417,2024-09-20,sh.688111,185.56,186.7,183.09,184.9,185.99,2400696.0,442858961.73,3,0.519,1,-0.5861,59.395481,17.828703,-18.330201,8.2541,0.0
418,2024-09-23,sh.688111,184.2,188.57,183.24,184.33,184.9,2772363.0,515023129.57,3,0.5994,1,-0.3083,59.21238,17.773741,-18.273693,8.228654,0.0
419,2024-09-24,sh.688111,186.85,192.98,182.2,191.88,184.33,5305203.0,999813488.48,3,1.147,1,4.0959,61.637668,18.501738,-19.022168,8.565693,0.0
420,2024-09-25,sh.688111,193.6,203.36,191.73,192.35,191.88,6539531.0,1291289776.76,3,1.4139,1,0.2449,61.788647,18.547058,-19.068762,8.586674,0.0
421,2024-09-26,sh.688111,193.0,205.5,190.6,205.47,192.35,5331981.0,1056190815.68,3,1.1528,1,6.8209,66.003188,19.812134,-20.369423,9.172363,0.0
422,2024-09-27,sh.688111,212.0,225.0,210.02,222.0,205.47,4426820.0,956117079.69,3,0.9571,1,8.045,71.313125,21.406014,-22.008137,9.910277,0.0
423,2024-09-30,sh.688111,241.0,266.4,234.05,266.4,222.0,16594113.0,4160711654.98,3,3.5877,1,20.0,85.57575,25.687217,-26.409764,11.892332,0.0
424,2024-10-08,sh.688111,319.68,319.68,294.02,316.86,266.4,17451743.0,5420057914.79,3,3.7731,1,18.9414,101.78503,30.552746,-31.412154,14.144911,0.0
425,2024-10-09,sh.688111,296.66,307.98,261.0,262.8,316.86,18329103.0,5244983444.66,3,3.9628,1,-17.0612,84.419321,25.340092,-26.052876,11.731625,0.0
426,2024-10-10,sh.688111,269.0,285.0,260.33,266.6,262.8,10951009.0,2991406547.6,3,2.3677,1,1.446,85.639996,25.706501,-26.429592,11.90126,0.0
427,2024-10-11,sh.688111,263.0,265.0,241.8,246.27,266.6,8021937.0,2020998549.8,3,1.7344,1,-7.6257,79.109384,23.746212,-24.414162,10.993711,0.0
428,2024-10-14,sh.688111,246.25,258.8,236.01,255.77,246.27,8113745.0,2010706335.59,3,1.7542,1,3.8576,82.161072,24.662235,-25.355951,11.417799,0.0
429,2024-10-15,sh.688111,253.66,273.89,248.08,256.97,255.77,8728020.0,2302993625.09,3,1.887,1,0.4692,82.546548,24.777943,-25.474914,11.471368,0.0
430,2024-10-16,sh.688111,249.91,256.97,249.0,253.9,256.97,5235629.0,1324895626.26,3,1.132,1,-1.1947,81.560371,24.481923,-25.170567,11.334321,0.0
431,2024-10-17,sh.688111,258.51,270.2,256.66,262.36,253.9,7439993.0,1971814899.37,3,1.6086,1,3.332,84.277979,25.297666,-26.009256,11.711983,0.0
432,2024-10-18,sh.688111,258.69,299.0,252.5,284.5,262.36,10547646.0,2861168894.07,3,2.2804,1,8.4388,91.390018,27.432482,-28.204121,12.700332,0.0
433,2024-10-21,sh.688111,285.0,286.0,273.25,278.0,284.5,10428363.0,2911852502.28,3,2.2547,1,-2.2847,89.302021,26.805729,-27.559739,12.410166,0.0
434,2024-10-22,sh.688111,274.5,274.5,264.17,266.99,278.0,7845029.0,2101529477.45,3,1.6961,1,-3.9604,85.765276,25.744107,-26.468254,11.91867,0.0
435,2024-10-23,sh.688111,268.64,272.75,264.0,264.62,266.99,5098899.0,1368525519.55,3,1.1024,1,-0.8877,85.00396,25.515583,-26.233303,11.812871,0.0
436,2024-10-24,sh.688111,260.01,268.6,259.26,264.69,264.62,3668712.0,970446267.28,3,0.7932,1,0.0265,85.026446,25.522332,-26.240242,11.815996,0.0
437,2024-10-25,sh.688111,263.52,266.33,254.56,264.5,264.69,5902114.0,1538544457.41,3,1.2761,1,-0.0718,84.965412,25.504012,-26.221406,11.807514,0.0
438,2024-10-28,sh.688111,264.1,275.7,260.0,269.03,264.5,5760872.0,1547463518.22,3,1.2455,1,1.7127,84.97558,25.330331,-44.805459,11.624527,0.0
439,2024-10-29,sh.688111,268.0,272.74,260.0,260.93,269.03,4729981.0,1259678161.76,3,1.0226,1,-3.0108,82.417121,24.567681,-43.456449,11.274534,0.0
440,2024-10-30,sh.688111,260.0,264.5,255.0,258.58,260.93,4406967.0,1142201002.66,3,0.9528,1,-0.9006,81.674852,24.346418,-43.065069,11.172993,0.0
441,2024-10-31,sh.688111,258.58,266.5,254.91,257.53,258.58,5055501.0,1310765839.63,3,1.093,1,-0.4061,81.3432,24.247556,-42.890197,11.127623,0.0
442,2024-11-01,sh.688111,257.26,259.4,248.16,248.16,257.53,5010213.0,1268303441.7,3,1.0832,1,-3.6384,78.3836,23.36533,-41.329676,10.722755,0.0
443,2024-11-04,sh.688111,248.98,252.9,245.0,252.49,248.16,3230209.0,808996193.26,3,0.6984,1,1.7448,79.75127,23.773018,-42.050813,10.90985,0.0
444,2024-11-05,sh.688111,252.99,276.99,250.05,276.04,252.49,7953634.0,2125856015.45,3,1.7196,1,9.3271,87.189752,25.990352,-45.972935,11.927423,0.0
445,2024-11-06,sh.688111,274.98,279.33,268.51,269.98,276.04,5980446.0,1636855845.21,3,1.293,1,-2.1953,85.275646,25.419777,-44.963676,11.665576,0.0
446,2024-11-07,sh.688111,269.0,285.0,266.34,282.5,269.98,6220006.0,1709123997.13,3,1.3448,1,4.6374,89.230202,26.598589,-47.048813,12.206553,0.0
447,2024-11-07,sh.688111,269.0,285.0,266.34,282.5,269.98,6220006.0,1709123997.13,3,1.3448,1,4.6374,89.230202,26.598589,-47.048813,12.206553,0.0
448,2024-11-08,sh.688111,285.0,296.37,282.0,282.32,282.5,8427421.0,2435972809.39,3,1.822,1,-0.0637,89.173348,26.581641,-47.018835,12.198775,0.0
449,2024-11-11,sh.688111,283.02,309.89,283.02,296.9,282.32,11186749.0,3344230019.87,3,2.4186,1,5.1644,93.778574,27.954411,-49.447053,12.828763,0.0
450,2024-11-11,sh.688111,283.02,309.89,283.02,296.9,282.32,11186749.0,3344230019.87,3,2.4186,1,5.1644,93.778574,27.954411,-49.447053,12.828763,0.0
451,2024-11-12,sh.688111,299.64,301.88,281.0,284.09,296.9,7052734.0,2049539528.63,3,1.5248,1,-4.3146,89.732418,26.748294,-47.313618,12.275255,0.0
452,2024-11-13,sh.688111,281.0,326.0,281.0,313.0,284.09,14539702.0,4432789664.65,3,3.1435,1,10.1764,98.863906,29.470295,-52.128419,13.524429,0.0
453,2024-11-14,sh.688111,312.49,329.5,300.68,303.0,313.0,11411948.0,3588542859.65,3,2.4673,1,-3.1949,95.705314,28.528752,-50.462974,13.092338,0.0
454,2024-11-15,sh.688111,300.02,315.2,286.0,287.88,303.0,10560806.0,3170829791.04,3,2.2833,1,-4.9901,90.929524,27.105139,-47.944822,12.439018,0.0
455,2024-11-18,sh.688111,290.0,292.9,267.3,272.24,287.88,8252210.0,2273888944.81,3,1.7842,1,-5.4328,85.989488,25.632566,-45.340067,11.763228,0.0
456,2024-11-19,sh.688111,274.3,282.0,268.0,278.99,272.24,4822769.0,1322112037.32,3,1.0427,1,2.4794,88.121537,26.268107,-46.464242,12.054889,0.0
457,2024-11-20,sh.688111,278.0,294.8,277.0,288.07,278.99,6921707.0,1978036306.5,3,1.4965,1,3.2546,90.989538,27.123028,-47.976465,12.447227,0.0
458,2024-11-21,sh.688111,294.5,321.78,289.5,313.11,288.07,10944266.0,3356335730.42,3,2.3662,1,8.6923,98.89865,29.480652,-52.146739,13.529182,0.0
459,2024-11-22,sh.688111,308.96,330.0,305.0,305.5,313.11,10084550.0,3205803275.88,3,2.1803,1,-2.4305,96.494962,28.764138,-50.879336,13.200361,0.0
460,2024-11-25,sh.688111,313.0,316.6,285.05,293.72,305.5,8274293.0,2434064152.63,3,1.7889,1,-3.856,92.774142,27.655,-48.917442,12.691358,0.0
461,2024-11-26,sh.688111,288.0,296.65,283.0,285.62,293.72,5646343.0,1630771089.85,3,1.2208,1,-2.7577,90.215683,26.89235,-47.568432,12.341365,0.0
462,2024-11-27,sh.688111,283.0,302.11,273.38,300.5,285.62,7855178.0,2229577124.67,3,1.6983,1,5.2097,94.915667,28.293366,-50.046613,12.984316,0.0
463,2024-11-28,sh.688111,295.6,309.79,294.95,295.2,300.5,5787083.0,1741865262.94,3,1.2512,1,-1.7637,93.241613,27.794349,-49.163928,12.755308,0.0
464,2024-11-29,sh.688111,294.0,303.0,290.0,294.74,295.2,6320679.0,1872333766.99,3,1.3666,1,-0.1558,93.096318,27.751038,-49.087317,12.735432,0.0
465,2024-12-02,sh.688111,294.07,304.64,289.38,294.69,294.74,5212596.0,1545146771.22,3,1.127,1,-0.017,93.080525,27.74633,-49.07899,12.733271,0.0
466,2024-12-03,sh.688111,294.96,297.91,287.0,290.4,294.69,4332955.0,1261888163.73,3,0.9368,1,-1.4558,91.725489,27.342408,-48.364514,12.547904,0.0
467,2024-12-04,sh.688111,290.4,296.45,284.81,287.3,290.4,4452761.0,1293787743.26,3,0.9627,1,-1.0675,90.746326,27.05053,-47.848226,12.413956,0.0
468,2024-12-05,sh.688111,290.5,306.68,290.5,302.0,287.3,9237229.0,2785358868.95,3,1.9971,1,5.1166,95.389455,28.434598,-50.29643,13.049129,0.0
469,2024-12-06,sh.688111,308.9,311.27,296.0,300.03,302.0,6148930.0,1864424403.63,3,1.3294,1,-0.6523,94.767213,28.249114,-49.968337,12.964007,0.0
470,2024-12-09,sh.688111,303.0,315.0,298.59,312.6,300.03,7780736.0,2393048547.5,3,1.6822,1,4.1896,98.737562,29.432633,-52.061801,13.507145,0.0
471,2024-12-10,sh.688111,327.0,342.48,313.77,319.24,312.6,10863778.0,3547374223.17,3,2.3488,1,2.1241,100.834866,30.057818,-53.167657,13.794053,0.0
472,2024-12-11,sh.688111,317.64,335.0,314.0,333.01,319.24,7045733.0,2299941236.63,3,1.5233,1,4.3134,105.184247,31.354323,-55.460974,14.389041,0.0
473,2024-12-12,sh.688111,330.0,334.7,316.89,322.5,333.01,5957975.0,1931616371.53,3,1.2881,1,-3.1561,101.864567,30.364761,-53.710592,13.934914,0.0
474,2024-12-13,sh.688111,318.37,326.98,311.77,313.81,322.5,5211127.0,1661229012.06,3,1.1267,1,-2.6946,99.119751,29.54656,-52.26332,13.559428,0.0
475,2024-12-16,sh.688111,316.0,316.89,306.46,310.6,313.81,3845852.0,1195492071.58,3,0.8315,1,-1.0229,98.105844,29.244325,-51.728712,13.420727,0.0
476,2024-12-17,sh.688111,309.43,318.68,308.2,310.14,310.6,4238905.0,1323444679.39,3,0.9165,1,-0.1481,97.960548,29.201014,-51.652102,13.400851,0.0
477,2024-12-18,sh.688111,311.74,316.5,305.03,313.98,310.14,3748759.0,1165852253.81,3,0.8105,1,1.2382,99.173447,29.562566,-52.291633,13.566773,0.0
478,2024-12-19,sh.688111,310.04,318.0,306.35,309.16,313.98,4529538.0,1406092184.91,3,0.9793,1,-1.5351,97.651007,29.108743,-51.488888,13.358506,0.0
479,2024-12-20,sh.688111,306.0,312.22,301.01,303.1,309.16,5455511.0,1674419980.76,3,1.1795,1,-1.9602,95.7369,28.538167,-50.479629,13.096659,0.0
480,2024-12-23,sh.688111,304.0,305.18,291.77,292.35,303.1,6258805.0,1855504783.92,3,1.3532,1,-3.5467,92.341415,27.526009,-48.689276,12.632162,0.0
481,2024-12-23,sh.688111,304.0,305.18,291.77,292.35,303.1,6258805.0,1855504783.92,3,1.3532,1,-3.5467,92.341415,27.526009,-48.689276,12.632162,0.0
482,2024-12-24,sh.688111,292.5,295.89,289.5,295.5,292.35,3669250.0,1076208247.9,3,0.7933,1,1.0775,93.336371,27.822595,-49.213891,12.76827,0.0
483,2024-12-25,sh.688111,294.59,296.88,285.5,288.33,295.5,4224513.0,1220642165.02,3,0.9134,1,-2.4264,91.071661,27.147509,-48.019767,12.458462,0.0
484,2024-12-26,sh.688111,289.0,307.7,286.65,298.7,288.33,5916485.0,1763725876.63,3,1.2792,1,3.5966,94.34712,28.123889,-49.746833,12.906539,0.0
485,2024-12-27,sh.688111,298.7,311.9,297.8,304.16,298.7,7380255.0,2258922463.29,3,1.5956,1,1.8279,96.071711,28.637971,-50.656166,13.142461,0.0
486,2024-12-30,sh.688111,301.5,303.99,293.97,295.4,304.16,4410819.0,1311507467.38,3,0.9536,1,-2.8801,93.304785,27.813179,-49.197236,12.76395,0.0
487,2024-12-31,sh.688111,295.99,296.99,286.0,286.39,295.4,4312880.0,1251919480.19,3,0.9325,1,-3.0501,90.458894,26.964849,-47.696671,12.374636,0.0
488,2025-01-02,sh.688111,285.0,286.0,264.2,266.66,286.39,7701959.0,2092912594.04,3,1.6652,1,-6.8892,84.226994,25.107185,-44.410748,11.522122,0.0
489,2025-01-03,sh.688111,266.66,269.2,261.61,261.68,266.66,4305000.0,1141433953.13,3,0.9308,1,-1.8675,82.654015,24.638296,-43.581357,11.306941,0.0
490,2025-01-06,sh.688111,261.69,263.8,254.83,257.65,261.68,4651633.0,1201742234.49,3,1.0057,1,-1.54,81.381103,24.258855,-42.910183,11.132808,0.0
491,2025-01-07,sh.688111,258.69,261.24,256.56,261.24,257.65,3507052.0,908364294.68,3,0.7582,1,1.3934,82.515037,24.596869,-43.508077,11.287929,0.0
492,2025-01-08,sh.688111,260.17,262.0,249.05,257.78,261.24,5134514.0,1314575408.2,3,1.1101,1,-1.3245,81.422165,24.271095,-42.931833,11.138426,0.0
493,2025-01-09,sh.688111,255.77,266.33,255.0,262.44,257.78,3658356.0,959971680.23,3,0.791,1,1.8077,82.894068,24.709854,-43.707931,11.33978,0.0
494,2025-01-10,sh.688111,261.89,268.0,255.51,255.51,262.44,4023174.0,1055535137.47,3,0.8698,1,-2.6406,80.705165,24.057364,-42.553778,11.040341,0.0
495,2025-01-13,sh.688111,251.68,260.42,251.18,255.0,255.51,3471411.0,888294579.75,3,0.7505,1,-0.1996,80.544076,24.009346,-42.46884,11.018304,0.0
496,2025-01-14,sh.688111,256.28,278.98,253.99,276.0,255.0,8166960.0,2223845068.77,3,1.7657,1,8.2353,87.177118,25.986586,-45.966274,11.925694,0.0
497,2025-01-15,sh.688111,275.1,279.0,273.01,274.9,276.0,3296751.0,909848188.83,3,0.7128,1,-0.3986,86.829673,25.883016,-45.783075,11.878164,0.0
498,2025-01-16,sh.688111,275.65,285.66,273.01,274.82,274.9,4158648.0,1160458726.27,3,0.8991,1,-0.0291,86.804404,25.875484,-45.769751,11.874708,0.0
499,2025-01-17,sh.688111,274.0,283.9,273.1,276.15,274.82,3672170.0,1020896750.33,3,0.7939,1,0.484,87.224497,26.000709,-45.991255,11.932176,0.0
500,2025-01-20,sh.688111,278.94,283.0,276.3,279.6,276.15,3170733.0,886467914.93,3,0.6855,1,1.2493,88.314211,26.325541,-46.565834,12.081247,0.0
501,2025-01-21,sh.688111,280.0,282.0,276.01,279.8,279.6,3178013.0,885977329.65,3,0.6871,1,0.0715,88.377383,26.344372,-46.599143,12.089889,0.0
502,2025-01-22,sh.688111,278.9,279.33,274.11,277.19,279.8,2691086.0,744280869.17,3,0.5818,1,-0.9328,87.55299,26.09863,-46.164462,11.977113,0.0
503,2025-01-23,sh.688111,279.0,287.33,277.28,282.53,277.19,4477159.0,1270016041.21,3,0.968,1,1.9265,89.239678,26.601414,-47.053809,12.207849,0.0
504,2025-01-24,sh.688111,282.0,307.8,281.3,305.03,282.53,7660854.0,2279114958.89,3,1.6563,1,7.9638,96.346508,28.719885,-50.80106,13.180053,0.0
505,2025-01-27,sh.688111,320.28,324.51,313.2,314.0,305.03,8021801.0,2539346702.03,3,1.7343,1,2.9407,99.179765,29.564449,-52.294964,13.567638,0.0
506,2025-02-05,sh.688111,350.0,376.8,340.0,371.11,314.0,16334500.0,5969899458.91,3,3.5316,1,18.1879,117.218479,34.941601,-61.806318,16.035306,0.0
507,2025-02-06,sh.688111,363.96,371.5,356.46,366.5,371.11,10670611.0,3864438842.94,3,2.307,1,-1.2422,115.762369,34.50755,-61.038548,15.836112,0.0
508,2025-02-07,sh.688111,368.0,383.8,365.0,373.86,366.5,10237354.0,3836591597.95,3,2.2134,1,2.0082,118.087092,35.200526,-62.264316,16.154131,0.0
509,2025-02-07,sh.688111,368.0,383.8,365.0,373.86,366.5,10237354.0,3836591597.95,3,2.2134,1,2.0082,118.087092,35.200526,-62.264316,16.154131,0.0
510,2025-02-10,sh.688111,373.94,382.22,362.0,377.46,373.86,8204647.0,3042678484.33,3,1.7739,1,0.9629,119.224185,35.539481,-62.863876,16.309683,0.0
511,2025-02-10,sh.688111,373.94,382.22,362.0,377.46,373.86,8204647.0,3042678484.33,3,1.7739,1,0.9629,119.224185,35.539481,-62.863876,16.309683,0.0
512,2025-02-11,sh.688111,374.08,388.33,372.59,377.97,377.46,7360735.0,2801572513.09,3,1.5914,1,0.1351,119.385273,35.5875,-62.948813,16.33172,0.0
513,2024-06-06,sz.000001,10.9,10.98,10.88,10.9,10.87,104933153.0,1145989425.79,3,0.5407,1,0.276,4.521204,1.335627,10.995712,0.508923,0.0
514,2024-06-07,sz.000001,10.92,11.01,10.89,10.99,10.9,117012604.0,1281662985.8,3,0.603,1,0.8257,4.558535,1.346655,11.086502,0.513125,0.0
515,2024-06-11,sz.000001,10.98,11.02,10.79,10.87,10.99,133762854.0,1452841956.89,3,0.6893,1,-1.0919,4.50876,1.33195,10.965448,0.507522,0.0
516,2024-06-12,sz.000001,10.85,10.91,10.78,10.88,10.87,95742635.0,1037927497.39,3,0.4934,1,0.092,4.512908,1.333176,10.975536,0.507989,0.0
517,2024-06-13,sz.000001,10.89,10.93,10.8,10.8,10.88,120350779.0,1304403407.05,3,0.6202,1,-0.7353,4.479725,1.323373,10.894834,0.504254,0.0
518,2024-06-14,sz.000001,10.15,10.23,9.99,10.18,10.08,163799047.0,1657433954.94,3,0.8441,1,0.9921,4.222555,1.247402,10.26939,0.475306,0.0
519,2024-06-17,sz.000001,10.13,10.16,10.08,10.1,10.18,68121702.0,688669914.12,3,0.351,1,-0.7859,4.189372,1.237599,10.188687,0.47157,0.0
520,2024-06-18,sz.000001,10.11,10.16,10.04,10.08,10.1,70065308.0,707829471.51,3,0.3611,1,-0.198,4.181076,1.235148,10.168511,0.470637,0.0
521,2024-06-19,sz.000001,10.1,10.21,10.08,10.15,10.08,79618418.0,807676192.22,3,0.4103,1,0.6944,4.210112,1.243726,10.239126,0.473905,0.0
522,2024-06-20,sz.000001,10.16,10.17,10.05,10.05,10.15,62962757.0,635070262.4,3,0.3245,1,-0.9852,4.168633,1.231472,10.138248,0.469236,0.0
523,2024-06-21,sz.000001,10.05,10.09,9.95,10.0,10.05,83054528.0,831176895.42,3,0.428,1,-0.4975,4.147893,1.225345,10.087809,0.466901,0.0
524,2024-06-24,sz.000001,9.97,10.07,9.88,9.98,10.0,94708154.0,944907465.65,3,0.488,1,-0.2,4.139597,1.222895,10.067633,0.465968,0.0
525,2024-06-25,sz.000001,9.99,10.13,9.98,10.08,9.98,76999281.0,775332071.89,3,0.3968,1,1.002,4.181076,1.235148,10.168511,0.470637,0.0
526,2024-06-26,sz.000001,10.06,10.13,10.02,10.08,10.08,62859871.0,633763882.09,3,0.3239,1,0.0,4.181076,1.235148,10.168511,0.470637,0.0
527,2024-06-27,sz.000001,10.06,10.21,10.0,10.13,10.08,92888197.0,938954397.5,3,0.4787,1,0.496,4.201816,1.241275,10.218951,0.472971,0.0
528,2024-06-28,sz.000001,10.1,10.26,10.09,10.15,10.13,91808992.0,933947813.42,3,0.4731,1,0.1974,4.210112,1.243726,10.239126,0.473905,0.0
529,2024-07-01,sz.000001,10.09,10.35,10.04,10.35,10.15,134305149.0,1372549619.58,3,0.6921,1,1.9704,4.293069,1.268233,10.440882,0.483243,0.0
530,2024-07-02,sz.000001,10.3,10.48,10.28,10.4,10.35,138438570.0,1440864390.61,3,0.7134,1,0.4831,4.313809,1.274359,10.491321,0.485577,0.0
531,2024-07-03,sz.000001,10.4,10.43,10.29,10.31,10.4,71306746.0,737326421.16,3,0.3675,1,-0.8654,4.276478,1.263331,10.400531,0.481375,0.0
532,2024-07-04,sz.000001,10.3,10.38,10.25,10.26,10.31,73504424.0,757464386.79,3,0.3788,1,-0.485,4.255738,1.257204,10.350092,0.479041,0.0
533,2024-07-05,sz.000001,10.26,10.29,9.92,9.97,10.26,171335386.0,1721256576.49,3,0.8829,1,-2.8265,4.135449,1.221669,10.057546,0.465501,0.0
534,2024-07-08,sz.000001,9.94,10.02,9.85,9.93,9.97,86865962.0,864791776.33,3,0.4476,1,-0.4012,4.118858,1.216768,10.017194,0.463633,0.0
535,2024-07-09,sz.000001,9.94,10.1,9.91,10.07,9.93,103248530.0,1034316510.76,3,0.5321,1,1.4099,4.176928,1.233923,10.158424,0.47017,0.0
536,2024-07-10,sz.000001,10.07,10.2,10.05,10.14,10.07,87386511.0,886626727.3,3,0.4503,1,0.6951,4.205964,1.2425,10.229038,0.473438,0.0
537,2024-07-11,sz.000001,10.21,10.23,10.07,10.13,10.14,72139225.0,731789332.33,3,0.3717,1,-0.0986,4.201816,1.241275,10.218951,0.472971,0.0
538,2024-07-12,sz.000001,10.12,10.31,10.12,10.31,10.13,121416369.0,1246877665.6,3,0.6257,1,1.7769,4.276478,1.263331,10.400531,0.481375,0.0
539,2024-07-12,sz.000001,10.12,10.31,10.12,10.31,10.13,121416369.0,1246877665.6,3,0.6257,1,1.7769,4.276478,1.263331,10.400531,0.481375,0.0
540,2024-07-15,sz.000001,10.31,10.35,10.26,10.33,10.31,86941247.0,896975833.16,3,0.448,1,0.194,4.284774,1.265782,10.420707,0.482309,0.0
541,2024-07-16,sz.000001,10.33,10.37,10.24,10.3,10.33,94300811.0,971564894.83,3,0.4859,1,-0.2904,4.27233,1.262106,10.390443,0.480908,0.0
542,2024-07-17,sz.000001,10.3,10.42,10.28,10.4,10.3,122016835.0,1266412580.0,3,0.6288,1,0.9709,4.313809,1.274359,10.491321,0.485577,0.0
543,2024-07-18,sz.000001,10.38,10.43,10.3,10.41,10.4,108706102.0,1127365070.67,3,0.5602,1,0.0962,4.317957,1.275585,10.501409,0.486044,0.0
544,2024-07-19,sz.000001,10.38,10.42,10.29,10.37,10.41,89872324.0,929722661.62,3,0.4631,1,-0.3842,4.301365,1.270683,10.461058,0.484177,0.0
545,2024-07-22,sz.000001,10.36,10.38,10.19,10.23,10.37,99448087.0,1018663805.8,3,0.5125,1,-1.35,4.243295,1.253528,10.319829,0.47764,0.0
546,2024-07-23,sz.000001,10.25,10.33,10.16,10.18,10.23,102015363.0,1046994471.4,3,0.5257,1,-0.4888,4.222555,1.247402,10.26939,0.475306,0.0
547,2024-07-23,sz.000001,10.25,10.33,10.16,10.18,10.23,102015363.0,1046994471.4,3,0.5257,1,-0.4888,4.222555,1.247402,10.26939,0.475306,0.0
548,2024-07-24,sz.000001,10.18,10.24,10.12,10.13,10.18,72451757.0,736332832.11,3,0.3734,1,-0.4912,4.201816,1.241275,10.218951,0.472971,0.0
549,2024-07-25,sz.000001,10.12,10.15,10.0,10.09,10.13,85640443.0,861750365.54,3,0.4413,1,-0.3949,4.185224,1.236374,10.178599,0.471104,0.0
550,2024-07-26,sz.000001,10.1,10.12,9.97,10.03,10.09,92955195.0,931879546.46,3,0.479,1,-0.5946,4.160337,1.229021,10.118072,0.468302,0.0
551,2024-07-29,sz.000001,10.02,10.14,9.97,10.11,10.03,78155243.0,788019058.61,3,0.4027,1,0.7976,4.19352,1.238824,10.198775,0.472037,0.0
552,2024-07-30,sz.000001,10.1,10.13,10.03,10.08,10.11,61326795.0,618056610.32,3,0.316,1,-0.2967,4.181076,1.235148,10.168511,0.470637,0.0
553,2024-07-31,sz.000001,10.08,10.28,10.07,10.27,10.08,109690634.0,1117768674.7,3,0.5653,1,1.8849,4.259886,1.25843,10.36018,0.479508,0.0
554,2024-08-01,sz.000001,10.25,10.32,10.17,10.27,10.27,73388377.0,752688220.0,3,0.3782,1,0.0,4.259886,1.25843,10.36018,0.479508,0.0
555,2024-08-02,sz.000001,10.22,10.25,10.13,10.14,10.27,59022876.0,601173370.84,3,0.3042,1,-1.2658,4.205964,1.2425,10.229038,0.473438,0.0
556,2024-08-05,sz.000001,10.11,10.22,10.05,10.05,10.14,75897852.0,768980624.53,3,0.3911,1,-0.8876,4.168633,1.231472,10.138248,0.469236,0.0
557,2024-08-06,sz.000001,10.07,10.12,9.89,9.93,10.05,126553691.0,1261997756.88,3,0.6522,1,-1.194,4.118858,1.216768,10.017194,0.463633,0.0
558,2024-08-07,sz.000001,9.95,9.98,9.91,9.93,9.93,51760842.0,514848813.1,3,0.2667,1,0.0,4.118858,1.216768,10.017194,0.463633,0.0
559,2024-08-08,sz.000001,9.92,9.98,9.9,9.94,9.93,50041067.0,497548149.01,3,0.2579,1,0.1007,4.123006,1.217993,10.027282,0.4641,0.0
560,2024-08-09,sz.000001,9.96,10.1,9.94,10.04,9.94,73027396.0,732886455.92,3,0.3763,1,1.006,4.164485,1.230247,10.12816,0.468769,0.0
561,2024-08-12,sz.000001,10.02,10.05,9.98,10.01,10.04,35301346.0,353251351.4,3,0.1819,1,-0.2988,4.152041,1.226571,10.097897,0.467368,0.0
562,2024-08-13,sz.000001,10.02,10.03,9.92,9.95,10.01,62207720.0,620061491.92,3,0.3206,1,-0.5994,4.127154,1.219219,10.03737,0.464567,0.0
563,2024-08-14,sz.000001,9.94,9.98,9.91,9.92,9.95,43638038.0,433380446.81,3,0.2249,1,-0.3015,4.11471,1.215543,10.007107,0.463166,0.0
564,2024-08-15,sz.000001,9.92,10.06,9.87,10.03,9.92,77624747.0,775851460.98,3,0.4,1,1.1089,4.160337,1.229021,10.118072,0.468302,0.0
565,2024-08-16,sz.000001,10.08,10.21,10.05,10.13,10.03,126036761.0,1277042000.97,3,0.6495,1,0.997,4.187317,1.282996,-33.44368,0.477228,0.0
566,2024-08-19,sz.000001,10.13,10.3,10.12,10.29,10.13,148298526.0,1520594687.55,3,0.7642,1,1.5795,4.253454,1.303261,-33.971912,0.484765,0.0
567,2024-08-20,sz.000001,10.32,10.43,10.28,10.34,10.29,156918665.0,1623147686.36,3,0.8086,1,0.4859,4.274122,1.309593,-34.136984,0.487121,0.0
568,2024-08-21,sz.000001,10.3,10.38,10.21,10.35,10.34,103488781.0,1068207868.15,3,0.5333,1,0.0967,4.278255,1.31086,-34.169999,0.487592,0.0
569,2024-08-22,sz.000001,10.34,10.45,10.32,10.38,10.35,110903039.0,1153871815.8,3,0.5715,1,0.2899,4.290656,1.314659,-34.269042,0.489005,0.0
570,2024-08-23,sz.000001,10.39,10.5,10.32,10.47,10.38,107190571.0,1117475768.18,3,0.5524,1,0.8671,4.327858,1.326058,-34.566173,0.493245,0.0
571,2024-08-26,sz.000001,10.5,10.55,10.42,10.49,10.47,74067524.0,775921848.78,3,0.3817,1,0.191,4.336125,1.328591,-34.632202,0.494187,0.0
572,2024-08-27,sz.000001,10.47,10.52,10.37,10.43,10.49,72313658.0,755583764.04,3,0.3726,1,-0.572,4.311324,1.320992,-34.434115,0.491361,0.0
573,2024-08-28,sz.000001,10.41,10.43,10.28,10.33,10.43,94254754.0,973872155.01,3,0.4857,1,-0.9588,4.269988,1.308327,-34.10397,0.48665,0.0
574,2024-08-29,sz.000001,10.31,10.38,10.11,10.13,10.33,119767631.0,1221351092.13,3,0.6172,1,-1.9361,4.187317,1.282996,-33.44368,0.477228,0.0
575,2024-08-30,sz.000001,10.11,10.26,10.11,10.16,10.13,129405908.0,1318858687.52,3,0.6668,1,0.2962,4.199717,1.286796,-33.542724,0.478641,0.0
576,2024-09-02,sz.000001,10.12,10.21,10.09,10.11,10.16,96883550.0,983898750.95,3,0.4993,1,-0.4921,4.179049,1.280463,-33.377651,0.476285,0.0
577,2024-09-03,sz.000001,10.11,10.13,10.0,10.08,10.11,91658122.0,920884663.15,3,0.4723,1,-0.2967,4.166649,1.276663,-33.278608,0.474872,0.0
578,2024-09-04,sz.000001,10.05,10.15,10.0,10.02,10.08,84799233.0,852224669.89,3,0.437,1,-0.5952,4.141847,1.269064,-33.080521,0.472045,0.0
579,2024-09-05,sz.000001,10.03,10.08,9.98,10.07,10.02,59420876.0,595845842.53,3,0.3062,1,0.499,4.162515,1.275397,-33.245593,0.474401,0.0
580,2024-09-06,sz.000001,10.06,10.21,10.05,10.08,10.07,87886543.0,891507833.61,3,0.4529,1,0.0993,4.166649,1.276663,-33.278608,0.474872,0.0
581,2024-09-09,sz.000001,10.05,10.07,9.84,9.85,10.08,163917451.0,1624857668.46,3,0.8447,1,-2.2817,4.071576,1.247533,-32.519274,0.464037,0.0
582,2024-09-10,sz.000001,9.86,9.92,9.78,9.9,9.85,76790114.0,756124763.92,3,0.3957,1,0.5076,4.092244,1.253866,-32.684347,0.466392,0.0
583,2024-09-11,sz.000001,9.88,9.88,9.63,9.65,9.9,110872704.0,1078602467.68,3,0.5713,1,-2.5253,3.988905,1.222203,-31.858984,0.454615,0.0
584,2024-09-12,sz.000001,9.65,9.77,9.61,9.74,9.65,58183405.0,564923215.58,3,0.2998,1,0.9326,4.026107,1.233601,-32.156115,0.458855,0.0
585,2024-09-13,sz.000001,9.73,9.82,9.7,9.7,9.74,56646190.0,553269703.6,3,0.2919,1,-0.4107,4.009573,1.228535,-32.024057,0.45697,0.0
586,2024-09-18,sz.000001,9.72,9.78,9.66,9.77,9.7,44361099.0,431665627.32,3,0.2286,1,0.7216,4.038508,1.237401,-32.255158,0.460268,0.0
587,2024-09-19,sz.000001,9.79,9.84,9.68,9.81,9.77,68429311.0,669341181.7,3,0.3526,1,0.4094,4.055042,1.242467,-32.387216,0.462152,0.0
588,2024-09-20,sz.000001,9.81,9.9,9.78,9.9,9.81,79729714.0,785121198.91,3,0.4109,1,0.9174,4.092244,1.253866,-32.684347,0.466392,0.0
589,2024-09-23,sz.000001,9.89,10.09,9.87,10.04,9.9,89690755.0,897428029.52,3,0.4622,1,1.4141,4.150114,1.271597,-33.14655,0.472988,0.0
590,2024-09-24,sz.000001,10.11,10.37,10.08,10.37,10.04,163821319.0,1678174481.91,3,0.8442,1,3.2869,4.286523,1.313393,-34.236028,0.488534,0.0
591,2024-09-25,sz.000001,10.52,10.7,10.45,10.5,10.37,216069398.0,2285995369.39,3,1.1134,1,1.2536,4.340259,1.329858,-34.665216,0.494658,0.0
592,2024-09-26,sz.000001,10.5,11.15,10.5,11.15,10.5,308645720.0,3341759455.52,3,1.5905,1,6.1905,4.608942,1.412182,-36.811158,0.52528,0.0
593,2024-09-27,sz.000001,11.35,11.56,11.03,11.42,11.15,384001637.0,4337985142.5,3,1.9788,1,2.4215,4.720548,1.446379,-37.702549,0.538,0.0
594,2024-09-30,sz.000001,11.62,12.3,11.56,12.21,11.42,543028364.0,6467438837.7,3,2.7983,1,6.9177,5.047101,1.546435,-40.310694,0.575217,0.0
595,2024-10-08,sz.000001,13.43,13.43,12.34,12.88,12.21,588897778.0,7602664023.92,3,3.0347,1,5.4873,5.324051,1.631292,-42.522665,0.606781,0.0
596,2024-10-09,sz.000001,12.63,12.63,11.66,11.68,12.88,426934506.0,5172049702.23,3,2.2001,1,-9.3168,4.828021,1.479308,-38.560926,0.550249,0.0
597,2024-10-10,sz.000001,11.62,12.26,11.6,11.98,11.43,342642168.0,4095573500.64,3,1.7657,1,4.8119,4.952029,1.517304,-39.551361,0.564382,0.0
598,2024-10-11,sz.000001,12.0,12.17,11.58,11.72,11.98,207089057.0,2455848197.41,3,1.0672,1,-2.1703,4.844556,1.484375,-38.692984,0.552133,0.0
599,2024-10-14,sz.000001,11.98,12.18,11.79,12.02,11.72,240059509.0,2881934271.85,3,1.2371,1,2.5597,4.968563,1.522371,-39.683419,0.566266,0.0
600,2024-10-15,sz.000001,11.94,12.23,11.88,11.9,12.02,207284077.0,2500974426.85,3,1.0682,1,-0.9983,4.91896,1.507172,-39.287245,0.560613,0.0
601,2024-10-16,sz.000001,11.8,12.18,11.77,12.06,11.9,191449353.0,2301340929.27,3,0.9866,1,1.3445,4.985098,1.527437,-39.815477,0.56815,0.0
602,2024-10-17,sz.000001,12.07,12.23,11.93,11.95,12.06,165370809.0,1993261646.25,3,0.8522,1,-0.9121,4.939628,1.513505,-39.452318,0.562968,0.0
603,2024-10-18,sz.000001,11.91,12.18,11.68,12.04,11.95,260465416.0,3105820972.95,3,1.3422,1,0.7531,4.97683,1.524904,-39.749448,0.567208,0.0
604,2024-10-21,sz.000001,11.94,11.94,11.63,11.81,12.04,280665467.0,3302020181.42,3,1.4463,1,-1.9103,4.923498,1.5418,-10.416029,0.544995,0.0
605,2024-10-22,sz.000001,11.76,11.93,11.72,11.79,11.81,161778713.0,1908438724.93,3,0.8337,1,-0.1693,4.91516,1.539189,-10.39839,0.544072,0.0
606,2024-10-23,sz.000001,11.82,11.89,11.75,11.86,11.79,151186604.0,1787236762.42,3,0.7791,1,0.5937,4.944342,1.548327,-10.460128,0.547302,0.0
607,2024-10-24,sz.000001,11.81,11.86,11.72,11.75,11.86,88529942.0,1042818619.09,3,0.4562,1,-0.9275,4.898484,1.533967,-10.363111,0.542226,0.0
608,2024-10-25,sz.000001,11.77,11.78,11.69,11.71,11.75,110575468.0,1296844369.04,3,0.5698,1,-0.3404,4.881808,1.528745,-10.327833,0.54038,0.0
609,2024-10-28,sz.000001,11.68,11.68,11.53,11.64,11.71,116948698.0,1356008963.4,3,0.6027,1,-0.5978,4.852626,1.519606,-10.266095,0.53715,0.0
610,2024-10-29,sz.000001,11.62,11.74,11.53,11.54,11.64,119802482.0,1391150258.93,3,0.6174,1,-0.8591,4.810937,1.506551,-10.177898,0.532535,0.0
611,2024-10-30,sz.000001,11.5,11.58,11.27,11.32,11.54,148240279.0,1686501657.86,3,0.7639,1,-1.9064,4.71922,1.47783,-9.983866,0.522383,0.0
612,2024-10-31,sz.000001,11.33,11.44,11.24,11.38,11.32,125020539.0,1419624319.27,3,0.6442,1,0.53,4.744234,1.485663,-10.036784,0.525152,0.0
613,2024-11-01,sz.000001,11.38,11.55,11.34,11.43,11.38,158981111.0,1821423447.06,3,0.8193,1,0.4394,4.765079,1.492191,-10.080882,0.527459,0.0
614,2024-11-04,sz.000001,11.43,11.46,11.26,11.46,11.43,113151611.0,1285874126.16,3,0.5831,1,0.2625,4.777585,1.496107,-10.107341,0.528843,0.0
615,2024-11-05,sz.000001,11.42,11.66,11.39,11.65,11.46,166541840.0,1925260700.35,3,0.8582,1,1.6579,4.856795,1.520912,-10.274915,0.537611,0.0
616,2024-11-06,sz.000001,11.62,11.64,11.47,11.55,11.65,146228636.0,1689977500.77,3,0.7535,1,-0.8584,4.815106,1.507857,-10.186718,0.532996,0.0
617,2024-11-07,sz.000001,11.5,11.93,11.48,11.91,11.55,224284379.0,2627007560.71,3,1.1558,1,3.1169,4.965187,1.554855,-10.504226,0.549609,0.0
618,2024-11-07,sz.000001,11.5,11.93,11.48,11.91,11.55,224284379.0,2627007560.71,3,1.1558,1,3.1169,4.965187,1.554855,-10.504226,0.549609,0.0
619,2024-11-08,sz.000001,11.94,12.01,11.7,11.72,11.91,189510415.0,2239060533.97,3,0.9766,1,-1.5953,4.885977,1.53005,-10.336652,0.540841,0.0
620,2024-11-11,sz.000001,11.63,11.68,11.47,11.6,11.72,148695164.0,1717961561.94,3,0.7662,1,-1.0239,4.83595,1.514384,-10.230816,0.535304,0.0
621,2024-11-11,sz.000001,11.63,11.68,11.47,11.6,11.72,148695164.0,1717961561.94,3,0.7662,1,-1.0239,4.83595,1.514384,-10.230816,0.535304,0.0
622,2024-11-12,sz.000001,11.58,11.84,11.51,11.54,11.6,171766255.0,2005791407.67,3,0.8851,1,-0.5172,4.810937,1.506551,-10.177898,0.532535,0.0
623,2024-11-13,sz.000001,11.5,11.7,11.48,11.61,11.54,108626328.0,1260161857.32,3,0.5598,1,0.6066,4.840119,1.51569,-10.239636,0.535765,0.0
624,2024-11-14,sz.000001,11.59,11.7,11.53,11.54,11.61,115978311.0,1348378228.97,3,0.5977,1,-0.6029,4.810937,1.506551,-10.177898,0.532535,0.0
625,2024-11-15,sz.000001,11.5,11.61,11.42,11.44,11.54,121578351.0,1399308729.48,3,0.6265,1,-0.8666,4.769248,1.493496,-10.089702,0.52792,0.0
626,2024-11-18,sz.000001,11.63,12.04,11.62,11.75,11.44,379732445.0,4493249093.24,3,1.9568,1,2.7098,4.898484,1.533967,-10.363111,0.542226,0.0
627,2024-11-19,sz.000001,11.75,11.96,11.55,11.68,11.75,243003665.0,2849661696.39,3,1.2522,1,-0.5957,4.869302,1.524828,-10.301374,0.538996,0.0
628,2024-11-20,sz.000001,11.67,11.75,11.61,11.64,11.68,128657248.0,1498818033.91,3,0.663,1,-0.3425,4.852626,1.519606,-10.266095,0.53715,0.0
629,2024-11-21,sz.000001,11.62,11.65,11.56,11.59,11.64,88340806.0,1023998431.68,3,0.4552,1,-0.4296,4.831781,1.513079,-10.221997,0.534842,0.0
630,2024-11-22,sz.000001,11.59,11.61,11.28,11.28,11.59,162531744.0,1858071592.39,3,0.8375,1,-2.6747,4.702545,1.472608,-9.948587,0.520537,0.0
631,2024-11-25,sz.000001,11.28,11.34,11.14,11.18,11.28,116602032.0,1310130629.11,3,0.6009,1,-0.8865,4.660856,1.459553,-9.86039,0.515922,0.0
632,2024-11-26,sz.000001,11.18,11.31,11.14,11.27,11.18,83107820.0,933733854.73,3,0.4283,1,0.805,4.698376,1.471302,-9.939767,0.520075,0.0
633,2024-11-27,sz.000001,11.24,11.39,11.15,11.39,11.27,89517805.0,1010001963.81,3,0.4613,1,1.0648,4.748403,1.486969,-10.045603,0.525613,0.0
634,2024-11-28,sz.000001,11.39,11.42,11.32,11.34,11.39,73316854.0,833121339.08,3,0.3778,1,-0.439,4.727558,1.480441,-10.001505,0.523306,0.0
635,2024-11-29,sz.000001,11.37,11.46,11.34,11.38,11.34,102848758.0,1173316153.6,3,0.53,1,0.3527,4.744234,1.485663,-10.036784,0.525152,0.0
636,2024-12-02,sz.000001,11.39,11.4,11.31,11.39,11.38,97543366.0,1108785597.4,3,0.5027,1,0.0879,4.748403,1.486969,-10.045603,0.525613,0.0
637,2024-12-03,sz.000001,11.37,11.5,11.35,11.49,11.39,108255936.0,1236992678.1,3,0.5579,1,0.878,4.790092,1.500024,-10.1338,0.530228,0.0
638,2024-12-04,sz.000001,11.44,11.53,11.37,11.46,11.49,100747059.0,1154623369.68,3,0.5192,1,-0.2611,4.777585,1.496107,-10.107341,0.528843,0.0
639,2024-12-05,sz.000001,11.44,11.5,11.41,11.44,11.46,68710883.0,786137963.74,3,0.3541,1,-0.1745,4.769248,1.493496,-10.089702,0.52792,0.0
640,2024-12-06,sz.000001,11.44,11.7,11.43,11.66,11.44,172626927.0,2004270465.79,3,0.8896,1,1.9231,4.860964,1.522217,-10.283734,0.538073,0.0
641,2024-12-09,sz.000001,11.63,11.72,11.59,11.67,11.66,96406316.0,1123441854.9,3,0.4968,1,0.0858,4.865133,1.523523,-10.292554,0.538534,0.0
642,2024-12-10,sz.000001,11.9,11.95,11.75,11.79,11.67,216780724.0,2564600676.79,3,1.1171,1,1.0283,4.91516,1.539189,-10.39839,0.544072,0.0
643,2024-12-11,sz.000001,11.79,11.83,11.72,11.73,11.79,96769145.0,1138374174.98,3,0.4987,1,-0.5089,4.890146,1.531356,-10.345472,0.541303,0.0
644,2024-12-12,sz.000001,11.73,11.87,11.71,11.85,11.73,98623459.0,1164062448.23,3,0.5082,1,1.023,4.940173,1.547022,-10.451308,0.546841,0.0
645,2024-12-13,sz.000001,11.79,11.8,11.56,11.56,11.85,134379289.0,1565589089.36,3,0.6925,1,-2.4473,4.819275,1.509162,-10.195538,0.533458,0.0
646,2024-12-16,sz.000001,11.56,11.66,11.53,11.57,11.56,80571778.0,934226189.29,3,0.4152,1,0.0865,4.823444,1.510468,-10.204357,0.533919,0.0
647,2024-12-17,sz.000001,11.57,11.65,11.52,11.53,11.57,80211995.0,929225455.3,3,0.4133,1,-0.3457,4.806768,1.505246,-10.169079,0.532074,0.0
648,2024-12-18,sz.000001,11.58,11.74,11.57,11.65,11.53,101658966.0,1186285805.48,3,0.5239,1,1.0408,4.856795,1.520912,-10.274915,0.537611,0.0
649,2024-12-19,sz.000001,11.59,11.64,11.54,11.59,11.65,69737904.0,808465663.92,3,0.3594,1,-0.515,4.831781,1.513079,-10.221997,0.534842,0.0
650,2024-12-20,sz.000001,11.59,11.7,11.58,11.62,11.59,71464627.0,831437460.3,3,0.3683,1,0.2588,4.844288,1.516995,-10.248456,0.536227,0.0
651,2024-12-23,sz.000001,11.64,11.84,11.64,11.73,11.62,165940476.0,1953519499.07,3,0.8551,1,0.9466,4.890146,1.531356,-10.345472,0.541303,0.0
652,2024-12-23,sz.000001,11.64,11.84,11.64,11.73,11.62,165940476.0,1953519499.07,3,0.8551,1,0.9466,4.890146,1.531356,-10.345472,0.541303,0.0
653,2024-12-24,sz.000001,11.72,11.87,11.72,11.86,11.73,135083691.0,1595698790.02,3,0.6961,1,1.1083,4.944342,1.548327,-10.460128,0.547302,0.0
654,2024-12-25,sz.000001,11.86,12.02,11.84,11.92,11.86,147528294.0,1759956630.34,3,0.7602,1,0.5059,4.969356,1.55616,-10.513046,0.550071,0.0
655,2024-12-26,sz.000001,11.92,11.93,11.78,11.86,11.92,100007470.0,1183745518.53,3,0.5154,1,-0.5034,4.944342,1.548327,-10.460128,0.547302,0.0
656,2024-12-27,sz.000001,11.87,11.9,11.66,11.83,11.86,129001228.0,1518383345.11,3,0.6648,1,-0.253,4.931836,1.544411,-10.433669,0.545918,0.0
657,2024-12-30,sz.000001,11.78,11.97,11.78,11.95,11.83,135184636.0,1610892096.25,3,0.6966,1,1.0144,4.981863,1.560077,-10.539505,0.551455,0.0
658,2024-12-31,sz.000001,11.93,11.99,11.7,11.7,11.95,147536733.0,1747242074.23,3,0.7603,1,-2.0921,4.87764,1.527439,-10.319013,0.539919,0.0
659,2025-01-02,sz.000001,11.73,11.77,11.39,11.43,11.7,181959699.0,2102923078.11,3,0.9377,1,-2.3077,4.765079,1.492191,-10.080882,0.527459,0.0
660,2025-01-03,sz.000001,11.44,11.54,11.36,11.38,11.43,115468044.0,1320520977.59,3,0.595,1,-0.4374,4.744234,1.485663,-10.036784,0.525152,0.0
661,2025-01-06,sz.000001,11.38,11.48,11.22,11.44,11.38,108553630.0,1234305778.04,3,0.5594,1,0.5272,4.769248,1.493496,-10.089702,0.52792,0.0
662,2025-01-07,sz.000001,11.42,11.53,11.37,11.51,11.44,74786288.0,858329048.54,3,0.3854,1,0.6119,4.79843,1.502635,-10.151439,0.531151,0.0
663,2025-01-08,sz.000001,11.5,11.63,11.4,11.5,11.51,106238601.0,1223598996.56,3,0.5475,1,-0.0869,4.794261,1.501329,-10.14262,0.530689,0.0
664,2025-01-09,sz.000001,11.5,11.5,11.35,11.4,11.5,75148330.0,857836086.08,3,0.3873,1,-0.8696,4.752572,1.488274,-10.054423,0.526074,0.0
665,2025-01-10,sz.000001,11.4,11.46,11.28,11.3,11.4,79813351.0,905005040.97,3,0.4113,1,-0.8772,4.710883,1.475219,-9.966226,0.52146,0.0
666,2025-01-13,sz.000001,11.25,11.26,11.08,11.2,11.3,93496618.0,1044904415.84,3,0.4818,1,-0.885,4.669193,1.462164,-9.87803,0.516845,0.0
667,2025-01-14,sz.000001,11.2,11.4,11.19,11.38,11.2,82462895.0,934467766.39,3,0.4249,1,1.6071,4.744234,1.485663,-10.036784,0.525152,0.0
668,2025-01-15,sz.000001,11.38,11.58,11.36,11.48,11.38,103163082.0,1185403653.43,3,0.5316,1,0.8787,4.785923,1.498718,-10.12498,0.529766,0.0
669,2025-01-16,sz.000001,11.55,11.59,11.47,11.57,11.48,87296399.0,1007689273.66,3,0.4499,1,0.784,4.823444,1.510468,-10.204357,0.533919,0.0
670,2025-01-17,sz.000001,11.53,11.55,11.42,11.45,11.57,68976486.0,791230418.64,3,0.3554,1,-1.0372,4.773416,1.494802,-10.098521,0.528382,0.0
671,2025-01-20,sz.000001,11.5,11.52,11.4,11.42,11.45,83202913.0,953092179.17,3,0.4288,1,-0.262,4.76091,1.490885,-10.072062,0.526997,0.0
672,2025-01-21,sz.000001,11.45,11.45,11.32,11.33,11.42,90206894.0,1024879174.22,3,0.4648,1,-0.7881,4.723389,1.479135,-9.992685,0.522844,0.0
673,2025-01-22,sz.000001,11.32,11.33,11.08,11.09,11.33,134712922.0,1504818607.18,3,0.6942,1,-2.1183,4.623335,1.447803,-9.781013,0.511769,0.0
674,2025-01-23,sz.000001,11.17,11.4,11.17,11.32,11.09,151492027.0,1715172472.47,3,0.7807,1,2.0739,4.71922,1.47783,-9.983866,0.522383,0.0
675,2025-01-24,sz.000001,11.32,11.39,11.22,11.34,11.32,94494421.0,1069899088.28,3,0.4869,1,0.1767,4.727558,1.480441,-10.001505,0.523306,0.0
676,2025-01-27,sz.000001,11.38,11.55,11.38,11.47,11.34,115193471.0,1324270606.55,3,0.5936,1,1.1464,4.781754,1.497413,-10.116161,0.529305,0.0
677,2025-02-05,sz.000001,11.5,11.52,11.33,11.37,11.47,84343370.0,961193578.9,3,0.4346,1,-0.8718,4.740065,1.484357,-10.027964,0.52469,0.0
678,2025-02-06,sz.000001,11.35,11.45,11.3,11.36,11.37,95560325.0,1084793176.26,3,0.4924,1,-0.088,4.735896,1.483052,-10.019144,0.524229,0.0
679,2025-02-07,sz.000001,11.36,11.45,11.31,11.38,11.36,140749262.0,1601621979.76,3,0.7253,1,0.1761,4.744234,1.485663,-10.036784,0.525152,0.0
680,2025-02-07,sz.000001,11.36,11.45,11.31,11.38,11.36,140749262.0,1601621979.76,3,0.7253,1,0.1761,4.744234,1.485663,-10.036784,0.525152,0.0
681,2025-02-10,sz.000001,11.38,11.5,11.36,11.43,11.38,102659093.0,1174044624.14,3,0.529,1,0.4394,4.765079,1.492191,-10.080882,0.527459,0.0
682,2025-02-10,sz.000001,11.38,11.5,11.36,11.43,11.38,102659093.0,1174044624.14,3,0.529,1,0.4394,4.765079,1.492191,-10.080882,0.527459,0.0
683,2025-02-11,sz.000001,11.4,11.47,11.37,11.42,11.43,84452003.0,963865614.95,3,0.4352,1,-0.0875,4.76091,1.490885,-10.072062,0.526997,0.0
